Rank	Title	Worldwide Lifetime Gross	Domestic Lifetime Gross	Domestic %	Foreign Lifetime Gross	Foreign %	Year
1	Avatar	2847246203	760507625	26.70%	2086738578	73.30%	2009
2	Avengers: Endgame	2797501328	858373000	30.70%	1939128328	69.30%	2019
3	Titanic	2201647264	659363944	30%	1542283320	70%	1997
4	Star Wars: Episode VII - The Force Awakens	2069521700	936662225	45.30%	1132859475	54.70%	2015
5	Avengers: Infinity War	2048359754	678815482	33.10%	1369544272	66.90%	2018
6	Spider-Man: No Way Home	1832170405	772170405	42.20%	1060000000	57.80%	2021
7	Jurassic World	1670516444	652385625	39%	1018130819	61%	2015
8	The Lion King	1662899439	543638043	32.70%	1119261396	67.30%	2019
9	The Avengers	1518815515	623357910	41%	895457605	59%	2012
10	Furious 7	1515341399	353007020	23.30%	1162334379	76.70%	2015
11	Frozen II	1450026933	477373578	32.90%	972653355	67.10%	2019
12	Avengers: Age of Ultron	1402809540	459005868	32.70%	943803672	67.30%	2015
13	Black Panther	1347597973	700426566	52%	647171407	48%	2018
14	Harry Potter and the Deathly Hallows: Part 2	1342321665	381409310	28.40%	960912355	71.60%	2011
15	Star Wars: Episode VIII - The Last Jedi	1332698830	620181382	46.50%	712517448	53.50%	2017
16	Jurassic World: Fallen Kingdom	1310466296	417719760	31.90%	892746536	68.10%	2018
17	Frozen	1281508100	400953009	31.30%	880555091	68.70%	2013
18	Beauty and the Beast	1273576220	504481165	39.60%	769095055	60.40%	2017
19	Incredibles 2	1243089244	608581744	49%	634507500	51%	2018
20	The Fate of the Furious	1236005118	226008385	18.30%	1009996733	81.70%	2017
21	Iron Man 3	1214811252	409013994	33.70%	805797258	66.30%	2013
22	Minions	1159444662	336045770	29%	823398892	71%	2015
23	Captain America: Civil War	1153337496	408084349	35.40%	745253147	64.60%	2016
24	Aquaman	1148485886	335061807	29.20%	813424079	70.80%	2018
25	The Lord of the Rings: The Return of the King	1146030912	377845905	33%	768185007	67%	2003
26	Spider-Man: Far from Home	1131927996	390532085	34.50%	741395911	65.50%	2019
27	Captain Marvel	1128462972	426829839	37.80%	701633133	62.20%	2019
28	Transformers: Dark of the Moon	1123794079	352390543	31.40%	771403536	68.60%	2011
29	Skyfall	1108569499	304360277	27.50%	804209222	72.50%	2012
30	Transformers: Age of Extinction	1104054072	245439076	22.20%	858614996	77.80%	2014
31	Jurassic Park	1099428303	404214720	36.80%	695213583	63.20%	1993
32	The Dark Knight Rises	1081142612	448139099	41.40%	633003513	58.60%	2012
33	Joker	1074419384	335451311	31.20%	738968073	68.80%	2019
34	Star Wars: Episode IX - The Rise of Skywalker	1074149279	515202542	48%	558946737	52%	2019
35	Toy Story 4	1073394593	434038008	40.40%	639356585	59.60%	2019
36	Toy Story 3	1066970811	415004880	38.90%	651965931	61.10%	2010
37	Pirates of the Caribbean: Dead Man's Chest	1066179747	423315812	39.70%	642863935	60.30%	2006
38	The Lion King	1063611805	422783777	39.80%	640828028	60.20%	1994
39	Rogue One: A Star Wars Story	1056057720	532177324	50.40%	523880396	49.60%	2016
40	Aladdin	1050693953	355559216	33.80%	695134737	66.20%	2019
41	Pirates of the Caribbean: On Stranger Tides	1045713802	241071802	23%	804642000	77%	2011
42	Despicable Me 3	1034800131	264624300	25.60%	770175831	74.40%	2017
43	Finding Dory	1028570942	486295561	47.30%	542275381	52.70%	2016
44	Star Wars: Episode I - The Phantom Menace	1027082707	474544677	46.20%	552538030	53.80%	1999
45	Alice in Wonderland	1025468216	334191110	32.60%	691277106	67.40%	2010
46	Zootopia	1024121104	341268248	33.30%	682852856	66.70%	2016
47	Harry Potter and the Sorcerer's Stone	1017713119	318886962	31.30%	698826157	68.70%	2001
48	The Hobbit: An Unexpected Journey	1017003568	303003568	29.80%	714000000	70.20%	2012
49	The Dark Knight	1005973645	534858444	53.20%	471115201	46.80%	2008
50	Harry Potter and the Deathly Hallows: Part 1	977043483	296347721	30.30%	680695762	69.70%	2010
51	Despicable Me 2	970766005	368065385	37.90%	602700620	62.10%	2013
52	The Jungle Book	966554929	364001123	37.70%	602553806	62.30%	2016
53	Jumanji: Welcome to the Jungle	962542945	404540171	42%	558002774	58%	2017
54	The Hobbit: The Battle of the Five Armies	962182865	255119788	26.50%	707063077	73.50%	2014
55	Pirates of the Caribbean: At World's End	960996492	309420425	32.20%	651576067	67.80%	2007
56	The Hobbit: The Desolation of Smaug	959007513	258366855	26.90%	700640658	73.10%	2013
57	The Lord of the Rings: The Two Towers	947495095	342551365	36.20%	604943730	63.80%	2002
58	Harry Potter and the Order of the Phoenix	942172396	292353413	31%	649818983	69%	2007
59	Finding Nemo	940352645	380843261	40.50%	559509384	59.50%	2003
60	Harry Potter and the Half-Blood Prince	934454096	302305431	32.40%	632148665	67.60%	2009
61	Shrek 2	928760770	441226247	47.50%	487534523	52.50%	2004
62	Bohemian Rhapsody	910809311	216668042	23.80%	694141269	76.20%	2018
63	The Battle at Lake Changjin	902540935	342411	<0.1%	902198524	100%	2021
64	The Lord of the Rings: The Fellowship of the Ring	898094742	316115420	35.20%	581979322	64.80%	2001
65	Harry Potter and the Goblet of Fire	896678241	290417905	32.40%	606260336	67.60%	2005
66	Spider-Man 3	894983373	336530303	37.60%	558453070	62.40%	2007
67	Ice Age 3: Dawn of the Dinosaurs	886686817	196573705	22.20%	690113112	77.80%	2009
68	Spectre	880681519	200074609	22.70%	680606910	77.30%	2015
69	Spider-Man: Homecoming	880166924	334201140	38%	545965784	62%	2017
70	Harry Potter and the Chamber of Secrets	879602366	262450136	29.80%	617152230	70.20%	2002
71	Ice Age 4: Continental Drift	877244782	161321843	18.40%	715922939	81.60%	2012
72	The Secret Life of Pets	875458631	368384330	42.10%	507074301	57.90%	2016
73	Batman v Superman: Dawn of Justice	873637528	330360194	37.80%	543277334	62.20%	2016
74	Wolf Warrior 2	870325439	2721100	0.30%	867604339	99.70%	2017
75	Star Wars: Episode III - Revenge of the Sith	868390560	380270577	43.80%	488119983	56.20%	2005
76	The Hunger Games: Catching Fire	865011746	424668047	49.10%	440343699	50.90%	2013
77	Guardians of the Galaxy Vol. 2	863756051	389813101	45.10%	473942950	54.90%	2017
78	Inside Out	858848019	356921711	41.60%	501926308	58.40%	2015
79	Venom	856085151	213515506	24.90%	642569645	75.10%	2018
80	Thor: Ragnarok	853983911	315058289	36.90%	538925622	63.10%	2017
81	Inception	836836967	292576195	35%	544260772	65%	2010
82	Transformers: Revenge of the Fallen	836303693	402111870	48.10%	434191823	51.90%	2009
83	The Twilight Saga: Breaking Dawn - Part 2	829747654	292324737	35.20%	537422917	64.80%	2012
84	Spider-Man	825025036	407022860	49.30%	418002176	50.70%	2002
85	Wonder Woman	822824522	412815408	50.20%	410009114	49.80%	2017
86	Hi Mom	822009764	-	-	822009764	100%	2021
87	Independence Day	817400891	306169268	37.50%	511231623	62.50%	1996
88	Fantastic Beasts and Where to Find Them	814044001	234037575	28.80%	580006426	71.20%	2016
89	Shrek the Third	813367380	322719944	39.70%	490647436	60.30%	2007
90	Coco	807817888	210460015	26%	597357873	74%	2017
91	Jumanji: The Next Level	800059707	320314960	40%	479744747	60%	2019
92	Harry Potter and the Prisoner of Azkaban	797361618	249975996	31.40%	547385622	68.60%	2004
93	Pirates of the Caribbean: Dead Men Tell No Tales	794881442	172558876	21.70%	622322566	78.30%	2017
94	E.T. the Extra-Terrestrial	792910554	435110554	54.90%	357800000	45.10%	1982
95	Mission: Impossible - Fallout	791657398	220159104	27.80%	571498294	72.20%	2018
96	2012	791217826	166112167	21%	625105659	79%	2009
97	Indiana Jones and the Kingdom of the Crystal Skull	790653942	317101119	40.10%	473552823	59.90%	2008
98	Spider-Man 2	788976453	373585825	47.40%	415390628	52.60%	2004
99	Fast & Furious 6	788680968	238679850	30.30%	550001118	69.70%	2013
100	Deadpool 2	785896609	324591735	41.30%	461304874	58.70%	2018
101	Deadpool	782836791	363070709	46.40%	419766082	53.60%	2016
102	Star Wars: Episode IV - A New Hope	775398007	460998507	59.40%	314399500	40.60%	1977
103	No Time to Die	774153007	160891007	20.80%	613262000	79.20%	2021
104	Guardians of the Galaxy	773350147	333718600	43.20%	439631547	56.80%	2014
105	The Da Vinci Code	760006945	217536138	28.60%	542470807	71.40%	2006
106	Fast & Furious Presents: Hobbs & Shaw	759056935	173956935	22.90%	585100000	77.10%	2019
107	Maleficent	758411779	241410378	31.80%	517001401	68.20%	2014
108	The Amazing Spider-Man	757930663	262030663	34.60%	495900000	65.40%	2012
109	The Hunger Games: Mockingjay - Part 1	755356711	337135885	44.60%	418220826	55.40%	2014
110	Shrek Forever After	752600867	238736787	31.70%	513864080	68.30%	2010
111	Madagascar 3: Europe's Most Wanted	746921274	216391482	29%	530529792	71%	2012
112	Suicide Squad	746846894	325100054	43.50%	421746840	56.50%	2016
113	X-Men: Days of Future Past	746045700	233921534	31.40%	512124166	68.60%	2014
114	The Chronicles of Narnia: The Lion the Witch and the Wardrobe	745013115	291710957	39.20%	453302158	60.80%	2005
115	Monsters University	743559645	268492764	36.10%	475066881	63.90%	2013
116	The Matrix Reloaded	741847937	281576461	38%	460271476	62%	2003
117	Up	735099102	293004164	39.90%	442094938	60.10%	2009
118	Ne Zha	726264074	3695533	0.50%	722568541	99.50%	2019
119	F9: The Fast Saga	726229501	173005945	23.80%	553223556	76.20%	2021
120	Gravity	723192705	274092705	37.90%	449100000	62.10%	2013
121	Captain America: The Winter Soldier	714421503	259766572	36.40%	454654931	63.60%	2014
122	The Twilight Saga: Breaking Dawn - Part 1	712205856	281287133	39.50%	430918723	60.50%	2011
123	The Twilight Saga: New Moon	711025481	297816253	41.90%	413209228	58.10%	2009
124	Dawn of the Planet of the Apes	710644566	208545589	29.40%	502098977	70.60%	2014
125	Transformers	709709780	319246193	45%	390463587	55%	2007
126	The Amazing Spider-Man 2	708982323	202853933	28.60%	506128390	71.40%	2014
127	It	701796444	328828874	46.90%	372967570	53.10%	2017
128	Interstellar	701729206	188020017	26.80%	513709189	73.20%	2014
129	The Wandering Earth	699992512	5971413	0.80%	694021099	99.20%	2019
130	The Twilight Saga: Eclipse	698491347	300531751	43%	397959596	57%	2010
131	Mission: Impossible - Ghost Protocol	694713380	209397903	30.10%	485315477	69.90%	2011
132	The Hunger Games	694394724	408010692	58.80%	286384032	41.20%	2012
133	Detective Chinatown 3	686257563	-	-	686257563	100%	2021
134	Mission: Impossible - Rogue Nation	682716636	195042377	28.60%	487674259	71.40%	2015
135	Forrest Gump	678226133	330455270	48.70%	347770863	51.30%	1994
136	Doctor Strange	677796076	232641920	34.30%	445154156	65.70%	2016
137	The Sixth Sense	672806432	293506292	43.60%	379300140	56.40%	1999
138	Man of Steel	668045518	291045518	43.60%	377000000	56.40%	2013
139	Ice Age 2: The Meltdown	667094506	195330621	29.30%	471763885	70.70%	2006
140	Kung Fu Panda 2	665692281	165249063	24.80%	500443218	75.20%	2011
141	The Hunger Games: Mockingjay - Part 2	658344137	281723902	42.80%	376620235	57.20%	2015
142	Justice League	657926987	229024295	34.80%	428902692	65.20%	2017
143	Big Hero 6	657869686	222527828	33.80%	435341858	66.20%	2014
144	Fantastic Beasts: The Crimes of Grindelwald	654855901	159555901	24.40%	495300000	75.60%	2018
145	Pirates of the Caribbean: The Curse of the Black Pearl	654264015	305413918	46.70%	348850097	53.30%	2003
146	Star Wars: Episode II - Attack of the Clones	653779970	310676740	47.50%	343103230	52.50%	2002
147	Thor: The Dark World	644783140	206362140	32%	438421000	68%	2013
148	Moana	644136488	248757044	38.60%	395379444	61.40%	2016
149	Sing	634208384	270448425	42.60%	363759959	57.40%	2016
150	Kung Fu Panda	631746197	215434591	34.10%	416311606	65.90%	2008
151	The Incredibles	631607053	261441092	41.40%	370165961	58.60%	2004
152	The Martian	630162448	228433663	36.20%	401728785	63.80%	2015
153	Hancock	629443428	227946274	36.20%	401497154	63.80%	2008
154	Fast Five	626137675	209837675	33.50%	416300000	66.50%	2011
155	Men in Black 3	624026776	179020854	28.70%	445005922	71.30%	2012
156	Iron Man 2	623933331	312433331	50.10%	311500000	49.90%	2010
157	Ratatouille	623726085	206445654	33.10%	417280431	66.90%	2007
158	Ant-Man and the Wasp	622674139	216648740	34.80%	406025399	65.20%	2018
159	How to Train Your Dragon 2	621537519	177002924	28.50%	444534595	71.50%	2014
160	Logan	619179950	226277068	36.50%	392902882	63.50%	2017
161	The Lost World: Jurassic Park	618638999	229086679	37%	389552320	63%	1997
162	Casino Royale	616502912	167445960	27.20%	449056952	72.80%	2006
163	The Passion of the Christ	612054506	370782930	60.60%	241271576	39.40%	2004
164	Mamma Mia!	611257819	144169664	23.60%	467088155	76.40%	2008
165	Life of Pi	609016565	124987023	20.50%	484029542	79.50%	2012
166	Transformers: The Last Knight	605425157	130168683	21.50%	475256474	78.50%	2017
167	Madagascar: Escape 2 Africa	603900354	180010950	29.80%	423889404	70.20%	2008
168	War of the Worlds	603873119	234280354	38.80%	369592765	61.20%	2005
169	Tangled	592462816	200821936	33.90%	391640880	66.10%	2010
170	Quantum of Solace	589580482	168368427	28.60%	421212055	71.40%	2008
171	Men in Black	589390539	250690539	42.50%	338700000	57.50%	1997
172	The Croods	587235983	187168425	31.90%	400067558	68.10%	2013
173	The Hangover Part II	586764305	254464305	43.40%	332300000	56.60%	2011
174	Iron Man	585796247	319034126	54.50%	266762121	45.50%	2008
175	I Am Legend	585410052	256393010	43.80%	329017042	56.20%	2007
176	Ready Player One	582893671	137690172	23.60%	445203499	76.40%	2018
177	Monsters Inc.	579707738	290642256	50.10%	289065482	49.90%	2001
178	Operation Red Sea	579330426	1543547	0.30%	577786879	99.70%	2018
179	Night at the Museum	574481229	250863268	43.70%	323617961	56.30%	2006
180	Fifty Shades of Grey	569651467	166167230	29.20%	403484237	70.80%	2015
181	Kong: Skull Island	566652812	168052812	29.70%	398600000	70.30%	2017
182	The Smurfs	563749323	142614158	25.30%	421135165	74.70%	2011
183	Cars 2	559852396	191452396	34.20%	368400000	65.80%	2011
184	King Kong	556906378	218080025	39.20%	338826353	60.80%	2005
185	Puss in Boots	554987477	149260504	26.90%	405726973	73.10%	2011
186	The Mermaid	553810228	3232685	0.60%	550577543	99.40%	2016
187	Armageddon	553709788	201578182	36.40%	352131606	63.60%	1998
188	The Day After Tomorrow	552639571	186740799	33.80%	365898772	66.20%	2004
189	Ted	549368315	218815487	39.80%	330552828	60.20%	2012
190	American Sniper	547426372	350126372	64%	197300000	36%	2014
191	Mission: Impossible II	546388108	215409889	39.40%	330978219	60.60%	2000
192	Detective Chinatown 2	544185156	1983984	0.40%	542201172	99.60%	2018
193	X-Men: Apocalypse	543934105	155442489	28.60%	388491616	71.40%	2016
194	Sherlock Holmes: A Game of Shadows	543848418	186848418	34.40%	357000000	65.60%	2011
195	Despicable Me	543113985	251513985	46.30%	291600000	53.70%	2010
196	Cinderella	542358331	201151353	37.10%	341206978	62.90%	2015
197	Madagascar	542063846	193595521	35.70%	348468325	64.30%	2005
198	World War Z	540455876	202807711	37.50%	337648165	62.50%	2013
199	Brave	538983207	237283207	44%	301700000	56%	2012
200	Star Wars: Episode V - The Empire Strikes Back	538375067	292753960	54.40%	245621107	45.60%	1980
201	The Simpsons Movie	53.64.14.293	18.31.35.014	34.10%	35.32.79.279	65.90%	2007
202	The Revenant	53.29.50.503	18.36.37.894	34.50%	34.93.12.609	65.50%	2015
203	The Meg	53.04.38.278	14.54.43.742	27.40%	38.49.94.536	72.60%	2018
204	Ralph Breaks the Internet	52.93.23.962	20.10.91.711	38%	32.82.32.251	62%	2018
205	Hotel Transylvania 3: Summer Vacation	52.85.83.774	16.75.10.016	31.70%	36.10.73.758	68.30%	2018
206	The Boss Baby	52.79.65.936	17.50.03.033	33.20%	35.29.62.903	66.80%	2017
207	Dunkirk	52.70.16.307	18.97.40.665	36%	33.72.75.642	64%	2017
208	Godzilla	52.49.76.069	20.06.76.069	38.20%	32.43.00.000	61.80%	2014
209	How to Train Your Dragon: The Hidden World	52.43.89.083	16.07.99.505	30.70%	36.35.89.578	69.30%	2019
210	Sherlock Holmes	52.40.28.679	20.90.28.679	39.90%	31.50.00.000	60.10%	2009
211	Meet the Fockers	52.26.57.936	27.92.61.160	53.40%	24.33.96.776	46.60%	2004
212	WALL·E	52.13.11.890	22.38.08.164	42.90%	29.75.03.726	57.10%	2008
213	Kung Fu Panda 3	52.11.70.825	14.35.28.619	27.50%	37.76.42.206	72.50%	2016
214	Terminator 2: Judgment Day	52.08.81.154	20.58.81.154	39.50%	31.50.00.000	60.50%	1991
215	Ant-Man	51.93.11.965	18.02.02.163	34.70%	33.91.09.802	65.30%	2015
216	The Grinch	51.25.68.819	27.10.94.731	52.90%	24.14.74.088	47.10%	2018
217	Ghost	50.57.03.557	21.76.31.306	43%	28.80.72.251	57%	1990
218	Aladdin	50.40.50.219	21.73.50.219	43.10%	28.67.00.000	56.90%	1992
219	Venom: Let There Be Carnage	50.20.50.366	21.35.50.366	42.50%	28.85.00.000	57.50%	2021
220	Rio 2	49.87.81.117	13.15.38.435	26.40%	36.72.42.682	73.60%	2014
221	Troy	49.74.09.852	13.33.78.256	26.80%	36.40.31.596	73.20%	2004
222	Toy Story 2	49.73.75.381	24.58.52.179	49.40%	25.15.23.202	50.60%	1999
223	How to Train Your Dragon	49.48.79.471	21.75.81.231	44%	27.72.98.240	56%	2010
224	Twister	49.44.71.524	24.17.21.524	48.90%	25.27.50.000	51.10%	1996
225	Oz the Great and Powerful	49.33.11.825	23.49.11.825	47.60%	25.84.00.000	52.40%	2013
226	Clash of the Titans	49.32.14.993	16.32.14.888	33.10%	33.00.00.105	66.90%	2010
227	Maleficent: Mistress of Evil	49.17.30.089	11.39.29.605	23.20%	37.78.00.484	76.80%	2019
228	War for the Planet of the Apes	49.07.19.763	14.68.80.162	29.90%	34.38.39.601	70.10%	2017
229	Shrek	48.78.53.320	26.76.65.011	54.90%	22.01.88.309	45.10%	2001
230	Mr. & Mrs. Smith	48.72.87.646	18.63.36.279	38.20%	30.09.51.367	61.80%	2005
231	Angels & Demons	48.59.30.816	13.33.75.846	27.40%	35.25.54.970	72.60%	2009
232	Teenage Mutant Ninja Turtles	48.50.04.754	19.12.04.754	39.40%	29.38.00.000	60.60%	2014
233	Bruce Almighty	48.45.92.874	24.28.29.261	50.10%	24.17.63.613	49.90%	2003
234	Rio	48.38.66.518	14.36.19.809	29.70%	34.02.46.709	70.30%	2011
235	Saving Private Ryan	48.23.49.603	21.70.49.603	45%	26.53.00.000	55%	1998
236	Rise of the Planet of the Apes	48.18.00.873	17.67.60.185	36.70%	30.50.40.688	63.30%	2011
237	Water Gate Bridge	48.00.51.716	-	-	48.00.51.716	100%	2022
238	Home Alone	47.66.84.675	28.57.61.243	60%	19.09.23.432	40%	1990
239	Hotel Transylvania 2	47.51.86.706	16.97.00.110	35.70%	30.54.86.596	64.30%	2015
240	Star Wars: Episode VI - Return of the Jedi	47.51.06.177	30.93.06.177	65.10%	16.58.00.000	34.90%	1983
241	Charlie and the Chocolate Factory	47.49.68.763	20.64.59.076	43.50%	26.85.09.687	56.50%	2005
242	Indiana Jones and the Last Crusade	47.41.71.806	19.71.71.806	41.60%	27.70.00.000	58.40%	1989
243	San Andreas	47.40.09.154	15.51.90.832	32.70%	31.88.18.322	67.30%	2015
244	It Chapter Two	47.30.93.228	21.15.93.228	44.70%	26.15.00.000	55.30%	2019
245	Jaws	47.14.11.300	26.07.58.300	55.30%	21.06.53.000	44.70%	1975
246	Wreck-It Ralph	47.12.22.889	18.94.22.889	40.20%	28.18.00.000	59.80%	2012
247	The Hangover	46.93.10.836	27.73.22.503	59.10%	19.19.88.333	40.90%	2009
248	Godzilla vs. Kong	46.82.16.094	10.09.16.094	21.60%	36.73.00.000	78.40%	2021
249	The Lego Movie	46.80.60.692	25.77.60.692	55.10%	21.03.00.000	44.90%	2014
250	Bumblebee	46.79.89.645	12.71.95.589	27.20%	34.07.94.056	72.80%	2018
251	Star Trek Into Darkness	46.73.65.246	22.87.78.661	49%	23.85.86.585	51%	2013
252	The Matrix	46.72.22.728	17.20.76.928	36.80%	29.51.45.800	63.20%	1999
253	Gladiator	46.53.80.802	18.77.05.427	40.30%	27.76.75.375	59.70%	2000
254	Pretty Woman	46.34.06.268	17.84.06.268	38.50%	28.50.00.000	61.50%	1990
255	Cars	46.19.91.867	24.40.82.982	52.80%	21.79.08.885	47.20%	2006
256	The Eight Hundred	46.14.21.559	3.72.755	<0.1%	46.10.48.804	99.90%	2020
257	X-Men: The Last Stand	46.04.35.291	23.43.62.462	50.90%	22.60.72.829	49.10%	2006
258	National Treasure: Book of Secrets	45.92.42.249	21.99.64.115	47.90%	23.92.78.134	52.10%	2007
259	Lucy	45.88.63.600	12.66.63.600	27.60%	33.22.00.000	72.40%	2014
260	Mission: Impossible	45.76.96.391	18.09.81.856	39.50%	27.67.14.535	60.50%	1996
261	300	45.60.68.181	21.06.14.939	46.20%	24.54.53.242	53.80%	2007
262	Demon Slayer: Mugen Train	45.47.79.627	4.95.05.008	10.90%	40.52.74.619	89.10%	2020
263	The Last Samurai	45.46.27.263	11.11.27.263	24.40%	34.35.00.000	75.60%	2003
264	Dying to Survive	45.11.83.391	6.752	-	45.11.76.639	100%	2018
265	Ocean's Eleven	45.07.17.150	18.34.17.150	40.70%	26.73.00.000	59.30%	2001
266	My People My Country	45.00.64.993	23.56.683	0.50%	44.77.08.310	99.50%	2019
267	Thor	44.93.26.618	18.10.30.624	40.30%	26.82.95.994	59.70%	2011
268	Pearl Harbor	44.92.20.945	19.85.42.554	44.20%	25.06.78.391	55.80%	2001
269	La La Land	44.89.06.865	15.11.01.803	33.70%	29.78.05.062	66.30%	2016
270	Tarzan	44.81.91.819	17.10.91.819	38.20%	27.71.00.000	61.80%	1999
271	Men in Black II	44.51.35.288	19.37.35.288	43.50%	25.14.00.000	56.50%	2002
272	The Bourne Ultimatum	44.41.00.035	22.74.71.070	51.20%	21.66.28.965	48.80%	2007
273	The Mummy Returns	44.32.80.904	20.20.19.785	45.60%	24.12.61.119	54.40%	2001
274	Alvin and the Chipmunks: The Squeakquel	44.31.40.005	21.96.14.612	49.60%	22.35.25.393	50.40%	2009
275	Les Misérables	44.22.99.309	14.88.09.770	33.60%	29.34.89.539	66.40%	2012
276	The Exorcist	44.13.06.145	23.29.06.145	52.80%	20.84.00.000	47.20%	1973
277	Mrs. Doubtfire	44.12.86.195	21.91.95.243	49.70%	22.20.90.952	50.30%	1993
278	Terminator Genisys	44.06.03.537	8.97.60.956	20.40%	35.08.42.581	79.60%	2015
279	Warcraft	43.90.48.914	4.73.65.290	10.80%	39.16.83.624	89.20%	2016
280	The Greatest Showman	43.69.49.634	17.43.40.174	39.90%	26.26.09.460	60.10%	2017
281	A Star Is Born	43.61.88.866	21.52.88.866	49.40%	22.09.00.000	50.60%	2018
282	Pokémon Detective Pikachu	43.35.14.834	14.41.05.346	33.20%	28.94.09.488	66.80%	2019
283	Terminator 3: Rise of the Machines	43.33.71.112	15.03.71.112	34.70%	28.30.00.000	65.30%	2003
284	Shang-Chi and the Legend of the Ten Rings	43.22.43.292	22.45.43.292	52%	20.77.00.000	48%	2021
285	Die Another Day	43.19.71.116	16.09.42.139	37.30%	27.10.28.977	62.70%	2002
286	The Secret Life of Pets 2	43.00.51.293	15.88.74.395	36.90%	27.11.76.898	63.10%	2019
287	Cast Away	42.96.32.142	23.36.32.142	54.40%	19.60.00.000	45.60%	2000
288	Rampage	42.80.28.233	10.10.28.233	23.60%	32.70.00.000	76.40%	2018
289	The King's Speech	42.73.74.317	13.87.97.449	32.50%	28.85.76.868	67.50%	2010
290	The Matrix Revolutions	42.73.44.325	13.93.13.948	32.60%	28.80.30.377	67.40%	2003
291	The Intouchables	42.65.88.510	1.01.98.820	2.40%	41.63.89.690	97.60%	2011
292	Bad Boys for Life	42.65.05.244	20.63.05.244	48.40%	22.02.00.000	51.60%	2020
293	Django Unchained	42.60.74.373	16.28.05.434	38.20%	26.32.68.939	61.80%	2012
294	Beauty and the Beast	42.49.67.620	21.89.67.620	51.50%	20.60.00.000	48.50%	1991
295	Dances with Wolves	42.42.08.848	18.42.08.848	43.40%	24.00.00.000	56.60%	1990
296	My People My Homeland	42.23.90.820	-	-	42.23.90.820	100%	2020
297	The Chronicles of Narnia: Prince Caspian	41.96.65.568	14.16.21.490	33.80%	27.80.44.078	66.20%	2008
298	Sex and the City	41.87.65.519	15.26.47.258	36.40%	26.61.18.261	63.60%	2008
299	The Captain	41.72.82.021	7.06.572	0.20%	41.65.75.449	99.80%	2019
300	The Mummy	41.59.33.406	15.53.85.488	37.40%	26.05.47.918	62.60%	1999
301	The Chronicles of Narnia: The Voyage of the Dawn Treader	41.56.86.217	10.43.86.950	25.10%	31.12.99.267	74.90%	2010
302	Jason Bourne	41.54.84.914	16.24.34.410	39.10%	25.30.50.504	60.90%	2016
303	The Wolverine	41.48.28.246	13.25.56.852	32%	28.22.71.394	68%	2013
304	Kingsman: The Secret Service	41.43.51.546	12.82.61.724	31%	28.60.89.822	69%	2015
305	Night at the Museum: Battle of the Smithsonian	41.31.06.170	17.72.43.721	42.90%	23.58.62.449	57.10%	2009
306	Batman	41.15.08.343	25.13.48.343	61.10%	16.01.60.000	38.90%	1989
307	The Bodyguard	41.10.06.740	12.20.06.740	29.70%	28.90.00.000	70.30%	1992
308	Pacific Rim	41.10.02.906	10.18.02.906	24.80%	30.92.00.000	75.20%	2013
309	Kingsman: The Golden Circle	41.09.02.662	10.02.34.838	24.40%	31.06.67.824	75.60%	2017
310	The Mummy	40.92.31.607	8.02.27.895	19.60%	32.90.03.712	80.40%	2017
311	Ice Age 5: Collision Course	40.87.54.975	6.40.63.008	15.70%	34.46.91.967	84.30%	2016
312	Twilight	40.84.30.415	19.39.62.473	47.50%	21.44.67.942	52.50%	2008
313	Signs	40.82.47.917	22.79.66.634	55.80%	18.02.81.283	44.20%	2002
314	X2: X-Men United	40.77.11.549	21.49.49.694	52.70%	19.27.61.855	47.30%	2003
315	Alita: Battle Angel	40.49.80.543	8.58.38.210	21.20%	31.91.42.333	78.80%	2019
316	The Mummy: Tomb of the Dragon Emperor	40.34.49.830	10.24.91.776	25.40%	30.09.58.054	74.60%	2008
317	Prometheus	40.33.54.469	12.64.77.084	31.40%	27.68.77.385	68.60%	2012
318	Gone with the Wind	40.23.52.579	20.08.52.579	49.90%	20.15.00.000	50.10%	1939
319	Mamma Mia! Here We Go Again	40.22.54.384	12.06.34.935	30%	28.16.19.449	70%	2018
320	Eternals	40.20.64.899	16.48.70.234	41%	23.71.94.665	59%	2021
321	Dune	40.03.75.904	10.80.31.945	27%	29.23.43.959	73%	2021
322	TRON: Legacy	40.00.63.852	17.20.62.763	43%	22.80.01.089	57%	2010
323	Mission: Impossible III	39.84.79.497	13.40.29.801	33.60%	26.44.49.696	66.40%	2006
324	Snow White and the Huntsman	39.65.92.829	15.53.32.381	39.20%	24.12.60.448	60.80%	2012
325	Grease	39.62.71.103	19.00.71.103	48%	20.62.00.000	52%	1978
326	Toy Story	39.44.36.586	22.32.25.679	56.60%	17.12.10.907	43.40%	1995
327	Solo: A Star Wars Story	39.29.24.807	21.37.67.512	54.40%	17.91.57.295	45.60%	2018
328	The Wolf of Wall Street	39.20.00.694	11.69.00.694	29.80%	27.51.00.000	70.20%	2013
329	Superman Returns	39.10.81.192	20.00.81.192	51.20%	19.10.00.000	48.80%	2006
330	Robin Hood: Prince of Thieves	39.04.93.908	16.54.93.908	42.40%	22.50.00.000	57.60%	1991
331	Indiana Jones and the Raiders of the Lost Ark	38.99.25.971	24.81.59.971	63.60%	14.17.66.000	36.40%	1981
332	Independence Day: Resurgence	38.96.81.935	10.31.44.286	26.50%	28.65.37.649	73.50%	2016
333	Live Free or Die Hard	38.81.56.011	13.45.29.403	34.70%	25.36.26.608	65.30%	2007
334	Monster Hunt	38.70.53.506	32.766	<0.1%	38.70.20.740	100%	2015
335	Godzilla: King of the Monsters	38.66.00.138	11.05.00.138	28.60%	27.61.00.000	71.40%	2019
336	Home	38.60.41.607	17.73.97.510	46%	20.86.44.097	54%	2015
337	Star Trek	38.56.80.446	25.77.30.019	66.80%	12.79.50.427	33.20%	2009
338	1917	38.49.19.389	15.92.27.644	41.40%	22.56.91.745	58.60%	2019
339	Happy Feet	38.43.36.108	19.80.00.317	51.50%	18.63.35.791	48.50%	2006
340	Cars 3	38.39.30.656	15.29.01.115	39.80%	23.10.29.541	60.20%	2017
341	Ice Age	38.32.57.136	17.63.87.405	46%	20.68.69.731	54%	2002
342	Back to the Future	38.19.06.762	21.14.06.762	55.40%	17.05.00.000	44.60%	1985
343	Fifty Shades Darker	38.15.45.846	11.45.81.250	30%	26.69.64.596	70%	2017
344	Monsters vs. Aliens	38.15.09.870	19.83.51.526	52%	18.31.58.344	48%	2009
345	Black Widow	37.97.51.655	18.36.51.655	48.40%	19.61.00.000	51.60%	2021
346	Godzilla	37.90.14.294	13.63.14.294	36%	24.27.00.000	64%	1998
347	True Lies	37.88.82.411	14.62.82.411	38.60%	23.26.00.000	61.40%	1994
348	Slumdog Millionaire	37.84.10.542	14.13.19.928	37.40%	23.70.90.614	62.60%	2008
349	Taken 2	37.61.52.455	13.98.54.287	37.20%	23.62.98.168	62.80%	2012
350	G.I. Joe: Retaliation	37.57.40.705	12.25.23.060	32.60%	25.32.17.645	67.40%	2013
351	Mad Max: Fury Road	37.56.58.750	15.40.58.340	41%	22.16.00.410	59%	2015
352	Spider-Man: Into the Spider-Verse	37.55.40.831	19.02.41.310	50.70%	18.52.99.521	49.30%	2018
353	Shark Tale	37.45.83.879	16.08.61.908	42.90%	21.37.21.971	57.10%	2004
354	Once Upon a Time... In Hollywood	37.45.65.754	14.25.02.728	38%	23.20.63.026	62%	2019
355	What Women Want	37.41.11.707	18.28.11.707	48.90%	19.13.00.000	51.10%	2000
356	The Adventures of Tintin	37.39.93.951	7.75.91.831	20.80%	29.64.02.120	79.20%	2011
357	Batman Begins	37.36.61.946	20.68.52.432	55.40%	16.68.09.514	44.60%	2005
358	Penguins of Madagascar	37.35.15.621	8.38.50.911	22.40%	28.96.64.710	77.60%	2014
359	X-Men Origins: Wolverine	37.30.62.864	17.98.83.157	48.20%	19.31.79.707	51.80%	2009
360	The Golden Compass	37.22.34.864	7.01.07.728	18.80%	30.21.27.136	81.20%	2007
361	Fifty Shades Freed	37.19.87.838	10.04.07.760	27%	27.15.80.078	73%	2018
362	Hitch	37.15.94.210	17.94.95.555	48.30%	19.20.98.655	51.70%	2005
363	Terminator Salvation	37.13.53.001	12.53.22.469	33.80%	24.60.30.532	66.20%	2009
364	Captain America: The First Avenger	37.05.69.774	17.66.54.505	47.70%	19.39.15.269	52.30%	2011
365	Edge of Tomorrow	37.05.41.256	10.02.06.256	27%	27.03.35.000	73%	2014
366	There's Something About Mary	36.98.84.651	17.64.84.651	47.70%	19.34.00.000	52.30%	1998
367	Gone Girl	36.93.30.363	16.77.67.189	45.40%	20.15.63.174	54.60%	2014
368	The Fugitive	36.88.75.760	18.38.75.760	49.80%	18.50.00.000	50.20%	1993
369	Jurassic Park III	36.87.80.809	18.11.71.875	49.10%	18.76.08.934	50.90%	2001
370	My Big Fat Greek Wedding	36.87.44.044	24.14.38.208	65.50%	12.73.05.836	34.50%	2002
371	Hello Mr. Billionaire	36.69.61.907	-	-	36.69.61.907	100%	2018
372	Die Hard with a Vengeance	36.61.01.666	10.00.12.499	27.30%	26.60.89.167	72.70%	1995
373	Shazam!	36.59.71.656	14.03.71.656	38.40%	22.56.00.000	61.60%	2019
374	The Nun	36.55.51.694	11.74.50.119	32.10%	24.81.01.575	67.90%	2018
375	Alvin and the Chipmunks	36.53.52.546	21.73.26.974	59.50%	14.80.25.572	40.50%	2007
376	Notting Hill	36.38.89.678	11.60.89.678	31.90%	24.78.00.000	68.10%	1999
377	Tenet	36.36.56.624	5.84.56.624	16.10%	30.52.00.000	83.90%	2020
378	A Bug's Life	36.32.58.859	16.27.98.565	44.80%	20.04.60.294	55.20%	1998
379	Night at the Museum: Secret of the Tomb	36.32.04.635	11.37.46.621	31.30%	24.94.58.014	68.70%	2014
380	Ocean's Twelve	36.27.44.280	12.55.44.280	34.60%	23.72.00.000	65.40%	2004
381	Planet of the Apes	36.22.11.740	18.00.11.740	49.70%	18.22.00.000	50.30%	2001
382	The Hangover Part III	36.20.00.072	11.22.00.072	31%	24.98.00.000	69%	2013
383	The World Is Not Enough	36.18.32.400	12.69.43.684	35.10%	23.48.88.716	64.90%	1999
384	Monster Hunt 2	36.16.82.618	7.06.153	0.20%	36.09.76.465	99.80%	2018
385	Fast & Furious	36.03.66.870	15.50.64.265	43%	20.53.02.605	57%	2009
386	Noah	35.92.00.044	10.12.00.044	28.20%	25.80.00.000	71.80%	2014
387	The Karate Kid	35.91.26.022	17.65.91.618	49.20%	18.25.34.404	50.80%	2010
388	Home Alone 2: Lost in New York	35.89.94.850	17.35.85.516	48.40%	18.54.09.334	51.60%	1992
389	Hotel Transylvania	35.83.75.603	14.83.13.048	41.40%	21.00.62.555	58.60%	2012
390	Minority Report	35.83.72.926	13.20.72.926	36.80%	22.63.00.000	63.20%	2002
391	Your Name.	35.81.80.115	50.17.246	1.40%	35.31.62.869	98.60%	2016
392	Top Gun	35.72.88.178	18.02.58.178	50.40%	17.70.30.000	49.60%	1986
393	The Legend of Tarzan	35.67.00.357	12.66.43.061	35.50%	23.00.57.296	64.50%	2016
394	American Beauty	35.62.96.601	13.00.96.601	36.50%	22.62.00.000	63.50%	1999
395	Spirited Away	35.56.97.283	1.37.50.644	3.90%	34.19.46.639	96.10%	2001
396	Apollo 13	35.52.37.933	17.38.37.933	48.90%	18.14.00.000	51.10%	1995
397	Rain Man	35.48.25.435	17.28.25.435	48.70%	18.20.00.000	51.30%	1988
398	The Great Gatsby	35.36.42.274	14.48.40.419	41%	20.88.01.855	59%	2013
399	Dumbo	35.32.84.621	11.47.66.307	32.50%	23.85.18.314	67.50%	2019
400	I Robot	35.31.33.898	14.48.01.023	41%	20.83.32.875	59%	2004
401	Basic Instinct	35.29.27.224	11.77.27.224	33.40%	23.52.00.000	66.60%	1992
402	Murder on the Orient Express	35.27.94.081	10.28.26.543	29.20%	24.99.67.538	70.80%	2017
403	X-Men: First Class	35.26.16.690	14.64.08.305	41.50%	20.62.08.385	58.50%	2011
404	The Angry Birds Movie	35.23.33.929	10.75.09.366	30.50%	24.48.24.563	69.50%	2016
405	GoldenEye	35.21.94.034	10.64.29.941	30.20%	24.57.64.093	69.80%	1995
406	Catch Me If You Can	35.21.14.312	16.46.15.351	46.80%	18.74.98.961	53.20%	2002
407	Now You See Me	35.17.23.989	11.77.23.989	33.50%	23.40.00.000	66.50%	2013
408	Hannibal	35.16.92.268	16.50.92.268	46.90%	18.66.00.000	53.10%	2001
409	The Mask	35.15.83.407	11.99.38.730	34.10%	23.16.44.677	65.90%	1994
410	Peter Rabbit	35.14.96.066	11.52.53.424	32.80%	23.62.42.642	67.20%	2018
411	Speed	35.04.48.145	12.12.48.145	34.60%	22.92.00.000	65.40%	1994
412	Dinosaur	34.98.22.765	13.77.48.063	39.40%	21.20.74.702	60.60%	2000
413	Mary Poppins Returns	34.95.46.142	17.19.58.438	49.20%	17.75.87.704	50.80%	2018
414	Deep Impact	34.94.64.664	14.04.64.664	40.20%	20.90.00.000	59.80%	1998
415	The Lorax	34.88.40.316	21.40.30.500	61.40%	13.48.09.816	38.60%	2012
416	The Maze Runner	34.83.19.861	10.24.27.862	29.40%	24.58.91.999	70.60%	2014
417	The Smurfs 2	34.75.45.360	7.10.17.784	20.40%	27.65.27.576	79.60%	2013
418	National Treasure	34.75.12.318	17.30.08.894	49.80%	17.45.03.424	50.20%	2004
419	Rush Hour 2	34.73.25.802	22.61.64.286	65.10%	12.11.61.516	34.90%	2001
420	Trolls	34.68.64.886	15.37.07.064	44.30%	19.31.57.822	55.70%	2016
421	xXx: Return of Xander Cage	34.61.18.277	4.48.98.413	13%	30.12.19.864	87%	2017
422	Pocahontas	34.60.79.773	14.15.79.773	40.90%	20.45.00.000	59.10%	1995
423	How the Grinch Stole Christmas	34.55.73.032	26.04.65.005	75.40%	8.51.08.027	24.60%	2000
424	Star Trek Beyond	34.34.71.816	15.88.48.340	46.20%	18.46.23.476	53.80%	2016
425	Alvin and the Chipmunks: Chipwrecked	34.26.95.435	13.31.10.742	38.80%	20.95.84.693	61.20%	2011
426	Wanted	34.24.63.063	13.45.08.551	39.30%	20.79.54.512	60.70%	2008
427	The Flintstones	34.16.31.208	13.05.31.208	38.20%	21.11.00.000	61.80%	1994
428	A Quiet Place	34.09.52.971	18.80.24.361	55.20%	15.29.28.610	44.80%	2018
429	Enchanted	34.04.87.836	12.78.07.262	37.50%	21.26.80.574	62.50%	2007
430	Over the Hedge	33.97.95.890	15.50.19.340	45.60%	18.47.76.550	54.40%	2006
431	300: Rise of an Empire	33.75.80.051	10.65.80.051	31.60%	23.10.00.000	68.40%	2014
432	Batman Forever	33.65.67.158	18.40.69.126	54.70%	15.24.98.032	45.30%	1995
433	Prince of Persia: The Sands of Time	33.63.65.676	9.07.59.676	27%	24.56.06.000	73%	2009
434	The Curious Case of Benjamin Button	33.58.02.786	12.75.09.326	38%	20.82.93.460	62%	2008
435	Journey 2: The Mysterious Island	33.52.60.290	10.38.60.290	31%	23.14.00.000	69%	2012
436	The Rock	33.50.62.621	13.40.69.511	40%	20.09.93.110	60%	1996
437	The Great Wall	33.49.33.831	4.55.40.830	13.60%	28.93.93.001	86.40%	2016
438	Now You See Me 2	33.48.97.606	6.50.75.540	19.40%	26.98.22.066	80.60%	2016
439	Never Say Die	33.45.30.869	-	-	33.45.30.869	100%	2017
440	Sing 2	33.38.14.755	14.83.38.755	44.40%	18.54.76.000	55.60%	2021
441	Fantastic Four	33.35.35.934	15.46.96.080	46.40%	17.88.39.854	53.60%	2005
442	Indiana Jones and the Temple of Doom	33.31.07.271	17.98.70.271	54%	15.32.37.000	46%	1984
443	Tomorrow Never Dies	33.30.11.068	12.53.04.276	37.60%	20.77.06.792	62.40%	1997
444	Back to the Future Part II	33.25.00.002	11.90.00.002	35.80%	21.35.00.000	64.20%	1989
445	The Good Dinosaur	33.22.07.671	12.30.87.120	37%	20.91.20.551	63%	2015
446	Free Guy	33.15.26.598	12.16.26.598	36.70%	20.99.00.000	63.30%	2021
447	22 Jump Street	33.13.33.876	19.17.19.337	57.90%	13.96.14.539	42.10%	2014
448	Meet the Parents	33.04.44.045	16.62.44.045	50.30%	16.42.00.000	49.70%	2000
449	Who Framed Roger Rabbit	32.98.03.958	15.64.52.370	47.40%	17.33.51.588	52.60%	1988
450	Black Swan	32.93.98.046	10.69.54.678	32.50%	22.24.43.368	67.50%	2010
451	The Perfect Storm	32.87.18.434	18.26.18.434	55.60%	14.61.00.000	44.40%	2000
452	Crocodile Dundee	32.82.03.506	17.48.03.506	53.30%	15.34.00.000	46.70%	1986
453	Crazy Alien	32.75.98.891	-	-	32.75.98.891	100%	2019
454	Se7en	32.73.33.559	10.01.25.643	30.60%	22.72.07.916	69.40%	1995
455	John Wick: Chapter 3 - Parabellum	32.72.81.779	17.10.15.687	52.20%	15.62.66.092	47.80%	2019
456	The Devil Wears Prada	32.67.06.115	12.47.40.460	38.20%	20.19.65.655	61.80%	2006
457	Taken 3	32.64.79.141	8.92.56.424	27.30%	23.72.22.717	72.70%	2015
458	The Hunchback of Notre Dame	32.53.38.851	10.01.38.851	30.80%	22.52.00.000	69.20%	1996
459	A Christmas Carol	32.52.86.646	13.78.55.863	42.40%	18.74.30.783	57.60%	2009
460	The SpongeBob Movie: Sponge Out of Water	32.51.86.032	16.29.94.032	50.10%	16.21.92.000	49.90%	2015
461	Schindler's List	32.21.61.245	9.68.98.818	30.10%	22.52.62.427	69.90%	1993
462	Megamind	32.18.85.765	14.84.15.853	46.10%	17.34.69.912	53.90%	2010
463	The Conjuring 2	32.17.88.219	10.24.70.008	31.80%	21.93.18.211	68.20%	2016
464	Green Book	32.17.52.656	8.50.80.171	26.40%	23.66.72.485	73.60%	2018
465	Lethal Weapon 3	32.17.31.527	14.47.31.527	45%	17.70.00.000	55%	1992
466	The Ugly Truth	32.16.82.600	8.89.15.214	27.60%	23.27.67.386	72.40%	2009
467	Robin Hood	32.16.69.741	10.52.69.730	32.70%	21.64.00.011	67.30%	2010
468	Inglourious Basterds	32.14.57.747	12.05.40.719	37.50%	20.09.17.028	62.50%	2009
469	101 Dalmatians	32.06.89.294	13.61.89.294	42.50%	18.45.00.000	57.50%	1996
470	The Conjuring	32.03.60.015	13.74.00.141	42.90%	18.29.59.874	57.10%	2013
471	Fatal Attraction	32.01.45.693	15.66.45.693	48.90%	16.35.00.000	51.10%	1987
472	Sonic the Hedgehog	31.97.15.683	14.89.74.665	46.60%	17.07.41.018	53.40%	2020
473	The Last Airbender	31.97.13.881	13.17.72.187	41.20%	18.79.41.694	58.80%	2010
474	The Proposal	31.73.75.031	16.39.58.031	51.70%	15.34.17.000	48.30%	2009
475	A Beautiful Mind	31.67.91.257	17.07.42.341	53.90%	14.60.48.916	46.10%	2001
476	Beverly Hills Cop	31.63.60.478	23.47.60.478	74.20%	8.16.00.000	25.80%	1984
477	Air Force One	31.51.56.409	17.29.56.409	54.90%	14.22.00.000	45.10%	1997
478	The Expendables 2	31.49.75.955	8.50.28.192	27%	22.99.47.763	73%	2012
479	Chicken Little	31.44.32.837	13.53.86.665	43.10%	17.90.46.172	56.90%	2005
480	The Polar Express	31.42.15.454	18.79.35.490	59.80%	12.62.79.964	40.20%	2004
481	As Good as It Gets	31.41.78.011	14.84.78.011	47.30%	16.57.00.000	52.70%	1997
482	Maze Runner: The Scorch Trials	31.22.96.056	8.16.97.192	26.20%	23.05.98.864	73.80%	2015
483	Resident Evil: The Final Chapter	31.22.42.626	2.68.30.068	8.60%	28.54.12.558	91.40%	2016
484	Austin Powers: The Spy Who Shagged Me	31.20.16.928	20.60.40.086	66%	10.59.76.842	34%	1999
485	The Lego Batman Movie	31.19.50.384	17.57.50.384	56.30%	13.62.00.000	43.70%	2017
486	Knives Out	31.16.05.581	16.53.63.234	53.10%	14.62.42.347	46.90%	2019
487	Ocean's Thirteen	31.13.12.624	11.71.54.724	37.60%	19.41.57.900	62.40%	2007
488	Little Fockers	31.06.50.585	14.84.38.600	47.80%	16.22.11.985	52.20%	2010
489	Bolt	30.99.79.994	11.40.53.579	36.80%	19.59.26.415	63.20%	2008
490	Ransom	30.94.92.681	13.64.92.681	44.10%	17.30.00.000	55.90%	1996
491	Runaway Bride	30.94.60.292	15.22.57.509	49.20%	15.72.02.783	50.80%	1999
492	The Blind Side	30.92.08.309	25.59.59.475	82.80%	5.32.48.834	17.20%	2009
493	The Ex-File 3: The Return of The Exes	30.75.92.427	8.38.959	0.30%	30.67.53.468	99.70%	2017
494	The Fault in Our Stars	30.71.66.834	12.48.72.350	40.60%	18.22.94.484	59.40%	2014
495	The Pursuit of Happyness	30.71.27.625	16.35.66.459	53.30%	14.35.61.166	46.70%	2006
496	Rise of the Guardians	30.69.41.670	10.34.12.758	33.70%	20.35.28.912	66.30%	2012
497	Close Encounters of the Third Kind	30.68.89.114	13.51.89.114	44%	17.17.00.000	56%	1977
498	Chicago	30.67.76.732	17.06.87.518	55.60%	13.60.89.214	44.40%	2002
499	Annabelle: Creation	30.65.15.884	10.20.92.201	33.30%	20.44.23.683	66.70%	2017
500	Wonder	30.62.09.289	13.24.22.809	43.20%	17.37.86.480	56.80%	2017
501	Skyscraper	30.48.68.961	6.84.20.120	22.40%	23.64.48.841	77.60%	2018
502	A Good Day to Die Hard	30.46.54.182	6.73.49.198	22.10%	23.73.04.984	77.90%	2013
503	Mulan	30.43.20.254	12.06.20.254	39.60%	18.37.00.000	60.40%	1998
504	Dangal	30.37.23.636	1.23.91.761	4.10%	29.13.31.875	95.90%	2016
505	Passengers	30.31.44.152	10.00.14.699	33%	20.31.29.453	67%	2016
506	Battleship	30.30.25.485	6.54.22.625	21.60%	23.76.02.860	78.40%	2012
507	Liar Liar	30.27.10.615	18.14.10.615	59.90%	12.13.00.000	40.10%	1997
508	G.I. Joe: The Rise of Cobra	30.24.69.017	15.02.01.498	49.70%	15.22.67.519	50.30%	2009
509	Wrath of the Titans	30.19.70.083	8.36.70.083	27.70%	21.83.00.000	72.30%	2012
510	Fantastic 4: Rise of the Silver Surfer	30.19.13.131	13.19.21.738	43.70%	16.99.91.393	56.30%	2007
511	Hook	30.08.54.823	11.96.54.823	39.80%	18.12.00.000	60.20%	1991
512	Rocky IV	30.04.73.716	12.78.73.716	42.60%	17.26.00.000	57.40%	1985
513	Superman	30.04.51.603	13.44.51.603	44.80%	16.60.00.000	55.20%	1978
514	Rambo: First Blood Part II	30.04.00.432	15.04.15.432	50.10%	14.99.85.000	49.90%	1985
515	Resident Evil: Afterlife	30.02.28.084	6.01.28.566	20%	24.00.99.518	80%	2010
516	Van Helsing	30.01.57.638	12.01.77.084	40%	17.99.80.554	60%	2004
517	Stuart Little	30.01.35.367	14.00.35.367	46.70%	16.01.00.000	53.30%	1999
518	Beverly Hills Cop II	29.99.65.036	15.36.65.036	51.20%	14.63.00.000	48.80%	1987
519	Alice Through the Looking Glass	29.98.20.798	7.70.41.381	25.70%	22.27.79.417	74.30%	2016
520	My Best Friend's Wedding	29.92.88.605	12.71.20.029	42.50%	17.21.68.576	57.50%	1997
521	Real Steel	29.92.68.508	8.54.68.508	28.60%	21.38.00.000	71.40%	2011
522	Horton Hears a Who!	29.85.72.799	15.45.29.439	51.80%	14.40.43.360	48.20%	2008
523	Ocean's Eight	29.77.18.711	14.02.18.711	47.10%	15.75.00.000	52.90%	2018
524	A Quiet Place Part II	29.73.72.261	16.00.72.261	53.80%	13.73.00.000	46.20%	2021
525	The Divergent Series: Insurgent	29.70.02.527	13.01.79.072	43.80%	16.68.23.455	56.20%	2015
526	Look Who's Talking	29.69.99.813	14.00.88.813	47.20%	15.69.11.000	52.80%	1989
527	Austin Powers in Goldmember	29.69.38.801	21.33.07.889	71.80%	8.36.30.912	28.20%	2002
528	Ghostbusters	29.65.78.797	24.35.78.797	82.10%	5.30.00.000	17.90%	1984
529	Miss Peregrine's Home for Peculiar Children	29.64.82.446	8.72.42.834	29.40%	20.92.39.612	70.60%	2016
530	X-Men	29.63.39.528	15.72.99.718	53.10%	13.90.39.810	46.90%	2000
531	Ferdinand	29.60.69.199	8.44.10.380	28.50%	21.16.58.819	71.50%	2017
532	Shutter Island	29.48.05.697	12.80.12.934	43.40%	16.67.92.763	56.60%	2010
533	Doctor Dolittle	29.44.56.605	14.41.56.605	49%	15.03.00.000	51%	1998
534	Bee Movie	29.35.14.336	12.66.31.277	43.10%	16.68.83.059	56.90%	2007
535	Salt	29.35.03.354	11.83.11.368	40.30%	17.51.91.986	59.70%	2010
536	G-Force	29.28.17.898	11.94.36.770	40.80%	17.33.81.128	59.20%	2009
537	The Departed	29.14.65.373	13.23.84.315	45.40%	15.90.81.058	54.60%	2006
538	What Lies Beneath	29.14.20.351	15.54.64.351	53.40%	13.59.56.000	46.60%	2000
539	Pacific Rim: Uprising	29.09.30.148	5.98.74.525	20.60%	23.10.55.623	79.40%	2018
540	The Bourne Supremacy	29.08.35.269	17.62.41.941	60.60%	11.45.93.328	39.40%	2004
541	Sex and the City 2	29.07.45.055	9.53.47.692	32.80%	19.53.97.363	67.20%	2010
542	Shakespeare in Love	28.93.17.794	10.03.17.794	34.70%	18.90.00.000	65.30%	1998
543	Divergent	28.88.85.818	15.09.47.895	52.20%	13.79.37.923	47.80%	2014
544	Coming to America	28.87.52.301	12.81.52.301	44.40%	16.06.00.000	55.60%	1988
545	Wedding Crashers	28.84.67.645	20.92.55.921	72.50%	7.92.11.724	27.50%	2005
546	Bridesmaids	28.83.83.523	16.91.06.725	58.60%	11.92.76.798	41.40%	2011
547	Maze Runner: The Death Cure	28.81.75.335	5.80.32.443	20.10%	23.01.42.892	79.90%	2018
548	Casper	28.79.28.194	10.03.28.194	34.80%	18.76.00.000	65.20%	1995
549	American Pie 2	28.75.53.595	14.51.03.595	50.50%	14.24.50.000	49.50%	2001
550	Pitch Perfect 2	28.71.44.079	18.42.96.230	64.20%	10.28.47.849	35.80%	2015
551	The Green Mile	28.68.01.374	13.68.01.374	47.70%	15.00.00.000	52.30%	1999
552	Oblivion	28.61.68.572	8.91.07.235	31.10%	19.70.61.337	68.90%	2013
553	Elysium	28.61.40.700	9.30.50.117	32.50%	19.30.90.583	67.50%	2013
554	Lethal Weapon 4	28.54.44.603	13.04.44.603	45.70%	15.50.00.000	54.30%	1998
555	John Carter	28.41.39.100	7.30.78.100	25.70%	21.10.61.000	74.30%	2012
556	Turbo	28.25.70.682	8.30.28.128	29.40%	19.95.42.554	70.60%	2013
557	Paddington	28.23.77.683	7.62.71.832	27%	20.61.05.851	73%	2014
558	Bridget Jones's Diary	28.19.95.610	7.15.43.427	25.40%	21.04.52.183	74.60%	2001
559	The Tourist	27.87.80.441	6.76.31.157	24.30%	21.11.49.284	75.70%	2010
560	Split	27.84.54.417	13.82.91.365	49.70%	14.01.63.052	50.30%	2017
561	Scary Movie	27.80.19.771	15.70.19.771	56.50%	12.10.00.000	43.50%	2000
562	xXx	27.74.48.382	14.21.09.382	51.20%	13.53.39.000	48.80%	2002
563	The Bourne Legacy	27.61.44.750	11.32.03.870	41%	16.29.40.880	59%	2012
564	Mr. Peabody & Sherman	27.56.98.039	11.15.06.430	40.40%	16.41.91.609	59.60%	2014
565	Scooby-Doo	27.56.50.703	15.32.94.164	55.60%	12.23.56.539	44.40%	2002
566	Lincoln	27.52.93.450	18.22.07.973	66.20%	9.30.85.477	33.80%	2012
567	Lara Croft: Tomb Raider	27.47.03.340	13.11.68.070	47.80%	14.35.35.270	52.20%	2001
568	Tomb Raider	27.46.50.803	5.82.50.803	21.20%	21.64.00.000	78.80%	2018
569	The Expendables	27.44.70.394	10.30.68.524	37.60%	17.14.01.870	62.40%	2010
570	Cloudy with a Chance of Meatballs 2	27.43.25.949	11.97.93.567	43.70%	15.45.32.382	56.30%	2013
571	The Nutty Professor	27.39.61.019	12.88.14.019	47%	14.51.47.000	53%	1996
572	Jerry Maguire	27.35.52.592	15.39.52.592	56.30%	11.96.00.000	43.70%	1996
573	Bad Boys II	27.33.39.556	13.86.08.444	50.70%	13.47.31.112	49.30%	2003
574	Lilo & Stitch	27.31.44.151	14.57.94.338	53.40%	12.73.49.813	46.60%	2002
575	The Silence of the Lambs	27.27.42.922	13.07.42.922	47.90%	14.20.00.000	52.10%	1991
576	Grown Ups	27.14.57.301	16.20.01.186	59.70%	10.94.56.115	40.30%	2010
577	Neighbors	27.06.65.134	15.01.57.400	55.50%	12.05.07.734	44.50%	2014
578	The Firm	27.02.48.367	15.83.48.367	58.60%	11.19.00.000	41.40%	1993
579	We're the Millers	26.99.94.119	15.03.94.119	55.70%	11.96.00.000	44.30%	2012
580	Gran Torino	26.99.58.228	14.80.95.302	54.90%	12.18.62.926	45.10%	2008
581	10000 BC	26.97.84.201	9.47.84.201	35.10%	17.50.00.000	64.90%	2008
582	American Gangster	26.97.55.430	13.01.64.645	48.20%	13.95.90.785	51.80%	2007
583	Epic	26.84.26.634	10.75.18.682	40.10%	16.09.07.952	59.90%	2013
584	Exodus: Gods and Kings	26.81.75.631	6.50.14.513	24.20%	20.31.61.118	75.80%	2014
585	Bambi	26.74.47.150	10.22.47.150	38.20%	16.52.00.000	61.80%	1942
586	The Princess and the Frog	26.70.45.765	10.44.00.899	39.10%	16.26.44.866	60.90%	2009
587	Batman Returns	26.68.92.996	16.29.02.340	61%	10.39.90.656	39%	1992
588	Indecent Proposal	26.66.14.059	10.66.14.059	40%	16.00.00.000	60%	1993
589	Something's Gotta Give	26.53.28.738	12.47.28.738	47%	14.06.00.000	53%	2003
590	Bridget Jones: The Edge of Reason	26.51.26.918	4.02.26.215	15.20%	22.49.00.703	84.80%	2004
591	The Incredible Hulk	26.47.70.996	13.48.06.913	50.90%	12.99.64.083	49.10%	2008
592	Waterworld	26.42.18.220	8.82.46.220	33.40%	17.59.72.000	66.60%	1995
593	The Truman Show	26.41.18.201	12.56.18.201	47.60%	13.85.00.000	52.40%	1998
594	Charlie's Angels	26.41.05.545	12.53.05.545	47.40%	13.88.00.000	52.60%	2000
595	The Fifth Element	26.39.20.180	6.38.20.180	24.20%	20.01.00.000	75.80%	1997
596	Parasite	26.30.20.130	5.33.69.749	20.30%	20.96.50.381	79.70%	2019
597	Jumanji	26.28.21.940	10.04.99.940	38.20%	16.23.22.000	61.80%	1995
598	Borat: Cultural Learnings of America for Make Benefit Glorious Nation of Kazakhstan	26.25.52.893	12.85.05.958	48.90%	13.40.46.935	51.10%	2006
599	Robots	26.25.11.490	12.82.00.012	48.80%	13.43.11.478	51.20%	2005
600	Knight and Day	26.19.89.769	7.64.23.035	29.20%	18.55.66.734	70.80%	2008
601	Total Recall	26.13.17.921	11.94.12.921	45.70%	14.19.05.000	54.30%	1990
602	This Is It	26.11.83.588	7.20.91.016	27.60%	18.90.92.572	72.40%	2009
603	Terminator: Dark Fate	26.11.19.292	6.22.53.077	23.80%	19.88.66.215	76.20%	2019
604	The Lone Ranger	26.05.02.115	8.93.02.115	34.30%	17.12.00.000	65.70%	2013
605	Super 8	26.00.95.986	12.70.04.179	48.80%	13.30.91.807	51.20%	2011
606	Mojin: The Lost Legend	25.93.68.448	12.43.810	0.50%	25.81.24.638	99.50%	2015
607	Blade Runner 2049	25.93.34.548	9.20.54.159	35.50%	16.72.80.389	64.50%	2017
608	Charlie's Angels: Full Throttle	25.91.75.788	10.08.30.111	38.90%	15.83.45.677	61.10%	2003
609	Rush Hour 3	25.80.97.122	14.01.25.968	54.30%	11.79.71.154	45.70%	2007
610	The Full Monty	25.79.38.649	4.59.50.122	17.80%	21.19.88.527	82.20%	1997
611	Kung Fu Yoga	25.77.53.889	3.62.657	0.10%	25.73.91.232	99.90%	2017
612	Annabelle	25.75.79.282	8.42.73.813	32.70%	17.33.05.469	67.30%	2014
613	The Village	25.66.97.520	11.41.97.520	44.50%	14.25.00.000	55.50%	2003
614	Lost in Hong Kong	25.62.83.912	13.02.281	0.50%	25.49.81.631	99.50%	2015
615	Erin Brockovich	25.62.71.286	12.55.95.205	49%	13.06.76.081	51%	2000
616	Pegasus	25.58.63.112	-	-	25.58.63.112	100%	2019
617	Marley & Me	25.57.43.093	14.31.53.751	56%	11.25.89.342	44%	2008
618	Halloween	25.56.14.941	15.93.42.015	62.30%	9.62.72.926	37.70%	2018
619	Get Out	25.55.89.157	17.60.40.665	68.90%	7.95.48.492	31.10%	2016
620	Us	25.51.85.482	17.50.84.580	68.60%	8.01.00.902	31.40%	2019
621	Cliffhanger	25.50.00.211	8.40.49.211	33%	17.09.51.000	67%	1993
622	Baahubali 2: The Conclusion	25.41.58.390	2.01.86.659	7.90%	23.39.71.731	92.10%	2017
623	Babe	25.41.34.910	6.36.58.910	25%	19.04.76.000	75%	1995
624	Men in Black: International	25.38.90.701	8.00.01.807	31.50%	17.38.88.894	68.50%	2019
625	Wild Hogs	25.36.25.427	16.82.73.550	66.40%	8.53.51.877	33.60%	2007
626	High School Musical 3: Senior Year	25.29.09.177	9.05.59.416	35.80%	16.23.49.761	64.20%	2008
627	Hercules	25.27.12.101	9.91.12.101	39.20%	15.36.00.000	60.80%	1997
628	X-Men: Dark Phoenix	25.24.42.974	6.58.45.974	26.10%	18.65.97.000	73.90%	2019
629	True Grit	25.22.76.927	17.12.43.005	67.90%	8.10.33.922	32.10%	2010
630	Bean	25.12.12.670	4.53.19.423	18%	20.58.93.247	82%	1997
631	American Hustle	25.11.71.807	15.01.17.807	59.80%	10.10.54.000	40.20%	2013
632	Enemy of the State	25.08.49.789	11.15.49.836	44.50%	13.92.99.953	55.50%	1998
633	You've Got Mail	25.08.21.495	11.58.21.495	46.20%	13.50.00.000	53.80%	1998
634	Eragon	25.04.25.512	7.50.30.163	30%	17.53.95.349	70%	2006
635	Brother Bear	25.03.97.798	8.53.36.277	34.10%	16.50.61.521	65.90%	2003
636	The Mask of Zorro	25.02.88.523	9.40.95.523	37.60%	15.61.93.000	62.40%	1998
637	The Ring	24.93.48.933	12.91.28.133	51.80%	12.02.20.800	48.20%	2002
638	The Blair Witch Project	24.86.39.099	14.05.39.099	56.50%	10.81.00.000	43.50%	1999
639	Unbreakable	24.81.18.121	9.50.11.339	38.30%	15.31.06.782	61.70%	2000
640	Journey to the West: The Demons Strike Back	24.75.85.244	8.80.346	0.40%	24.67.04.898	99.60%	2017
641	Dumb and Dumber	24.72.75.374	12.71.75.374	51.40%	12.01.00.000	48.60%	1994
642	Glass	24.69.99.039	11.10.48.468	45%	13.59.50.571	55%	2019
643	Grown Ups 2	24.69.84.278	13.36.68.525	54.10%	11.33.15.753	45.90%	2013
644	The Peanuts Movie	24.62.33.113	13.01.78.411	52.90%	11.60.54.702	47.10%	2015
645	The Godfather	24.61.20.986	13.49.66.411	54.80%	11.11.54.575	45.20%	1972
646	Rango	24.57.24.603	12.34.77.607	50.20%	12.22.46.996	49.80%	2011
647	Four Weddings and a Funeral	24.57.00.832	5.27.00.832	21.40%	19.30.00.000	78.60%	1994
648	Face/Off	24.56.76.146	11.22.76.146	45.70%	13.34.00.000	54.30%	1997
649	Teenage Mutant Ninja Turtles: Out of the Shadows	24.56.23.848	8.20.51.601	33.40%	16.35.72.247	66.60%	2016
650	Dark Shadows	24.55.27.149	7.97.27.149	32.50%	16.58.00.000	67.50%	2012
651	Dolittle	24.54.38.444	7.70.47.065	31.40%	16.83.91.379	68.60%	2020
652	Hulk	24.52.85.165	13.21.77.234	53.90%	11.31.07.931	46.10%	2003
653	Love Actually	24.52.03.167	5.96.96.144	24.40%	18.55.07.023	75.60%	2003
654	The Bravest	24.51.79.562	2.90.217	0.10%	24.48.89.345	99.90%	2019
655	Welcome to the Sticks	24.51.44.417	-	-	24.51.44.417	100%	2008
656	Back to the Future Part III	24.50.77.583	8.82.77.583	36%	15.68.00.000	64%	1990
657	Pixels	24.48.74.809	7.87.47.585	32.20%	16.61.27.224	67.80%	2015
658	Hercules	24.48.19.862	7.26.88.614	29.70%	17.21.31.248	70.30%	2014
659	Rush Hour	24.47.21.064	14.11.86.864	57.70%	10.35.34.200	42.30%	1998
660	Journey to the Center of the Earth	24.42.32.688	10.17.04.370	41.60%	14.25.28.318	58.40%	2008
661	Encanto	24.37.67.032	9.50.04.134	39%	14.87.62.898	61%	2021
662	After Earth	24.36.11.982	6.05.22.097	24.80%	18.30.89.885	75.20%	2013
663	A Few Good Men	24.32.40.178	14.13.40.178	58.10%	10.19.00.000	41.90%	1992
664	Cloudy with a Chance of Meatballs	24.30.06.126	12.48.70.275	51.40%	11.81.35.851	48.60%	2009
665	8 Mile	24.28.75.078	11.67.50.901	48.10%	12.61.24.177	51.90%	2002
666	Daddy's Home	24.27.86.137	15.03.57.137	61.90%	9.24.29.000	38.10%	2015
667	RoboCop	24.26.88.965	5.86.07.007	24.20%	18.40.81.958	75.80%	2014
668	Eraser	24.22.95.562	10.12.95.562	41.80%	14.10.00.000	58.20%	1996
669	Alien: Covenant	24.08.91.763	7.42.62.031	30.80%	16.66.29.732	69.20%	2017
670	Sully	24.07.97.623	12.50.70.033	51.90%	11.57.27.590	48.10%	2016
671	Assassin's Creed	24.06.97.856	5.46.47.948	22.70%	18.60.49.908	77.30%	2016
672	Click	24.06.85.326	13.73.55.633	57.10%	10.33.29.693	42.90%	2006
673	Legend of Deification	24.06.63.149	2.14.670	<0.1%	24.04.48.479	99.90%	2020
674	Resident Evil: Retribution	24.01.59.255	4.23.45.531	17.60%	19.78.13.724	82.40%	2012
675	Die Hard 2	24.00.31.274	11.75.40.947	49%	12.24.90.327	51%	1990
676	Crocodile Dundee II	23.96.06.210	10.93.06.210	45.60%	13.03.00.000	54.40%	1988
677	Planes	23.92.58.712	9.02.88.712	37.70%	14.89.70.000	62.30%	2013
678	Crazy Rich Asians	23.85.39.198	17.45.32.921	73.20%	6.40.06.277	26.80%	2018
679	Batman & Robin	23.82.35.719	10.73.53.792	45.10%	13.08.81.927	54.90%	1997
680	Downton Abbey	23.78.60.050	9.68.54.135	40.70%	14.10.05.915	59.30%	2019
681	Gulliver's Travels	23.73.82.724	4.27.79.261	18%	19.46.03.463	82%	2010
682	Gone in 60 Seconds	23.72.02.299	10.16.48.571	42.80%	13.55.53.728	57.20%	2000
683	Saturday Night Fever	23.71.13.184	9.42.13.184	39.70%	14.29.00.000	60.30%	1977
684	Silver Linings Playbook	23.64.12.453	13.20.92.958	55.90%	10.43.19.495	44.10%	2012
685	2 Fast 2 Furious	23.63.50.661	12.71.54.901	53.80%	10.91.95.760	46.20%	2003
686	Howl's Moving Castle	23.62.84.206	55.76.743	2.40%	23.07.07.463	97.60%	2004
687	Hidden Figures	23.59.56.898	16.96.07.287	71.90%	6.63.49.611	28.10%	2016
688	A.I. Artificial Intelligence	23.59.26.552	7.86.16.689	33.30%	15.73.09.863	66.70%	2001
689	Dead Poets Society	23.58.60.116	9.58.60.116	40.60%	14.00.00.000	59.40%	1989
690	Spy	23.56.66.219	11.08.25.712	47%	12.48.40.507	53%	2015
691	American Pie	23.54.83.004	10.25.61.004	43.60%	13.29.22.000	56.40%	1999
692	American Reunion	23.49.89.584	5.70.11.521	24.30%	17.79.78.063	75.70%	2012
693	Big Daddy	23.48.01.895	16.34.79.795	69.60%	7.13.22.100	30.40%	1999
694	Alvin and the Chipmunks: The Road Chip	23.47.98.636	8.58.86.987	36.60%	14.89.11.649	63.40%	2015
695	The Imitation Game	23.35.55.708	9.11.25.683	39%	14.24.30.025	61%	2014
696	Cruella	23.35.03.234	8.61.03.234	36.90%	14.74.00.000	63.10%	2021
697	The Day the Earth Stood Still	23.30.93.859	7.93.66.978	34%	15.37.26.881	66%	2008
698	American Wedding	23.27.22.935	10.45.65.114	44.90%	12.81.57.821	55.10%	2003
699	The Girl with the Dragon Tattoo	23.26.17.430	10.25.15.793	44.10%	13.01.01.637	55.90%	2011
700	Juno	23.23.72.681	14.34.95.265	61.80%	8.88.77.416	38.20%	2007
701	Argo	23.23.25.503	13.60.25.503	58.60%	9.63.00.000	41.40%	2012
702	Mr. Bean's Holiday	23.22.25.908	3.33.02.167	14.30%	19.89.23.741	85.70%	2007
703	The English Patient	23.19.76.425	7.86.76.425	33.90%	15.33.00.000	66.10%	1996
704	Sister Act	23.16.05.150	13.96.05.150	60.30%	9.20.00.000	39.70%	1992
705	Annabelle Comes Home	23.12.52.591	7.41.52.591	32.10%	15.71.00.000	67.90%	2019
706	Constantine	23.08.84.728	7.59.76.178	32.90%	15.49.08.550	67.10%	2005
707	Get Smart	23.06.85.453	13.03.19.208	56.50%	10.03.66.245	43.50%	2008
708	Space Jam	23.04.18.342	9.04.18.342	39.20%	14.00.00.000	60.80%	1996
709	Life Is Beautiful	23.00.98.753	5.75.63.264	25%	17.25.35.489	75%	1998
710	The Heat	22.99.30.771	15.95.82.188	69.40%	7.03.48.583	30.60%	1996
711	Ghostbusters	22.91.47.509	12.83.50.574	56%	10.07.96.935	44%	2016
712	Ghost Rider	22.87.38.393	11.58.02.596	50.60%	11.29.35.797	49.40%	2007
713	Goodbye Mr. Loser	22.81.22.928	12.93.626	0.60%	22.68.29.302	99.40%	2015
714	Paddington 2	22.79.78.645	4.08.91.591	17.90%	18.70.87.054	82.10%	2017
715	Sleepless in Seattle	22.79.27.165	12.68.08.165	55.60%	10.11.19.000	44.40%	1993
716	Lethal Weapon 2	22.78.53.986	14.72.53.986	64.60%	8.06.00.000	35.40%	1989
717	The Green Hornet	22.78.17.248	9.87.80.042	43.40%	12.90.37.206	56.60%	2011
718	Out of Africa	22.75.14.205	8.70.71.205	38.30%	14.04.43.000	61.70%	1985
719	Youth	22.70.91.290	18.91.956	0.80%	22.51.99.334	99.20%	2017
720	Baby Driver	22.69.45.087	10.78.25.862	47.50%	11.91.19.225	52.50%	2017
721	Immortals	22.69.04.017	8.35.04.017	36.80%	14.34.00.000	63.20%	2011
722	Taken	22.68.37.760	14.50.00.989	63.90%	8.18.36.771	36.10%	2008
723	Percy Jackson & the Olympians: The Lightning Thief	22.64.97.209	8.87.68.303	39.20%	13.77.28.906	60.80%	2010
724	Hansel & Gretel: Witch Hunters	22.63.49.749	5.57.03.475	24.60%	17.06.46.274	75.40%	2013
725	Valerian and the City of a Thousand Planets	22.59.73.340	4.11.89.488	18.20%	18.47.83.852	81.80%	2017
726	Good Will Hunting	22.59.33.435	13.84.33.435	61.30%	8.75.00.000	38.70%	1997
727	Better Days	22.59.18.798	19.21.657	0.80%	22.39.97.141	99.20%	2019
728	Ford v Ferrari	22.55.08.210	11.76.24.357	52.20%	10.78.83.853	47.80%	2019
729	Jumper	22.51.32.113	8.01.72.128	35.60%	14.49.59.985	64.40%	2008
730	The Social Network	22.49.20.375	9.69.62.694	43.10%	12.79.57.681	56.90%	2010
731	Chicken Run	22.48.34.564	10.68.34.564	47.50%	11.80.00.000	52.50%	2000
732	Con Air	22.40.12.234	10.11.17.573	45.10%	12.28.94.661	54.90%	1997
733	Elf	22.38.53.736	17.66.30.408	78.90%	4.72.23.328	21.10%	2003
734	Interview with the Vampire: The Vampire Chronicles	22.36.64.608	10.52.64.608	47.10%	11.84.00.000	52.90%	1994
735	Flightplan	22.33.87.299	8.97.07.299	40.20%	13.36.80.000	59.80%	2005
736	Yes Man	22.32.41.637	9.76.90.976	43.80%	12.55.50.661	56.20%	2008
737	Non-Stop	22.28.09.600	9.21.68.600	41.40%	13.06.41.000	58.60%	2014
738	Honey I Shrunk the Kids	22.27.24.172	13.07.24.172	58.70%	9.20.00.000	41.30%	1989
739	Fahrenheit 9/11	22.24.46.882	11.91.94.771	53.60%	10.32.52.111	46.40%	2004
740	Wild Wild West	22.21.04.681	11.38.04.681	51.20%	10.83.00.000	48.80%	1999
741	My Country My Parents	22.17.01.823	1.66.807	<0.1%	22.15.35.016	99.90%	2021
742	Geostorm	22.16.00.160	3.37.00.160	15.20%	18.79.00.000	84.80%	2017
743	Presumed Innocent	22.13.03.188	8.63.03.188	39%	13.50.00.000	61%	1990
744	Jungle Cruise	22.08.89.446	11.69.87.516	53%	10.39.01.930	47%	2021
745	Scary Movie 3	22.06.73.217	11.00.03.217	49.80%	11.06.70.000	50.20%	2003
746	Collateral	22.02.39.925	10.10.05.703	45.90%	11.92.34.222	54.10%	2004
747	Inferno	22.00.21.259	3.43.43.574	15.60%	18.56.77.685	84.40%	2016
748	Knocked Up	21.99.22.417	14.87.68.917	67.60%	7.11.53.500	32.40%	2007
749	Green Lantern	21.98.51.172	11.66.01.172	53%	10.32.50.000	47%	2011
750	What Happens in Vegas	21.93.75.562	8.02.77.646	36.60%	13.90.97.916	63.40%	2008
751	It's Complicated	21.91.03.655	11.27.35.375	51.40%	10.63.68.280	48.60%	2009
752	The Terminal	21.91.00.084	7.78.72.883	35.50%	14.12.27.201	64.50%	2004
753	Captain Phillips	21.87.91.811	10.71.00.855	49%	11.16.90.956	51%	2013
754	The Prince of Egypt	21.86.13.188	10.14.13.188	46.40%	11.72.00.000	53.60%	1998
755	Jack Reacher	21.83.40.595	8.00.70.736	36.70%	13.82.69.859	63.30%	2012
756	Kingdom of Heaven	21.81.22.627	4.73.98.413	21.70%	17.07.24.214	78.30%	2005
757	The Emoji Movie	21.77.76.646	8.60.89.513	39.50%	13.16.87.133	60.50%	2017
758	Dracula Untold	21.71.24.280	5.62.80.355	25.90%	16.08.43.925	74.10%	2014
759	Too Cool to Kill	21.71.06.290	72.432	<0.1%	21.70.33.858	100%	2022
760	Central Intelligence	21.69.72.543	12.74.40.871	58.70%	8.95.31.672	41.30%	2016
761	Million Dollar Baby	21.67.63.646	10.04.92.203	46.40%	11.62.71.443	53.60%	2004
762	The Help	21.66.39.112	16.97.08.112	78.30%	4.69.31.000	21.70%	2011
763	Twins	21.66.14.388	11.19.38.388	51.70%	10.46.76.000	48.30%	1988
764	Little Women	21.66.01.214	10.81.01.214	49.90%	10.85.00.000	50.10%	2019
765	Valentine's Day	21.64.85.654	11.04.85.654	51%	10.60.00.000	49%	2010
766	Bad Teacher	21.61.97.492	10.02.92.856	46.40%	11.59.04.636	53.60%	2011
767	A Little Red Flower	21.60.00.000	-	-	21.60.00.000	100%	2020
768	The Croods 2: A New Age	21.59.05.815	5.85.68.815	27.10%	15.73.37.000	72.90%	2020
769	Clear and Present Danger	21.58.87.717	12.21.87.717	56.60%	9.37.00.000	43.40%	1994
770	One Hundred and One Dalmatians	21.58.80.014	14.48.80.014	67.10%	7.10.00.000	32.90%	1961
771	Ted 2	21.58.63.606	8.14.76.385	37.70%	13.43.87.221	62.30%	2015
772	Bram Stoker's Dracula	21.58.62.692	8.25.22.790	38.20%	13.33.39.902	61.80%	1992
773	Vertical Limit	21.56.63.859	6.92.43.859	32.10%	14.64.20.000	67.90%	2000
774	Ghostbusters II	21.53.94.738	11.24.94.738	52.20%	10.29.00.000	47.80%	1989
775	The Patriot	21.52.94.342	11.33.30.342	52.60%	10.19.64.000	47.40%	2000
776	The Sorcerer's Apprentice	21.52.83.742	6.31.50.991	29.30%	15.21.32.751	70.70%	2010
777	Just Go with It	21.49.45.591	10.30.28.109	47.90%	11.19.17.482	52.10%	2011
778	The Expendables 3	21.46.57.577	3.93.22.544	18.30%	17.53.35.033	81.70%	2014
779	Dirty Dancing	21.45.77.242	6.45.77.242	30.10%	15.00.00.000	69.90%	1987
780	Creed II	21.42.15.889	11.57.15.889	54%	9.85.00.000	46%	2018
781	Public Enemies	21.41.04.620	9.71.04.620	45.40%	11.70.00.000	54.60%	2009
782	Smallfoot	21.40.40.103	8.32.40.103	38.90%	13.08.00.000	61.10%	2018
783	The Bourne Identity	21.40.34.224	12.16.61.683	56.80%	9.23.72.541	43.20%	2002
784	Disclosure	21.40.15.089	8.30.15.089	38.80%	13.10.00.000	61.20%	1994
785	Pulp Fiction	21.39.28.762	10.79.28.762	50.40%	10.60.00.000	49.60%	1994
786	The Aviator	21.37.19.942	10.26.10.330	48%	11.11.09.612	52%	2004
787	Crouching Tiger Hidden Dragon	21.35.25.736	12.80.78.872	60%	8.54.46.864	40%	2000
788	Braveheart	21.32.16.216	7.56.09.945	35.50%	13.76.06.271	64.50%	1995
789	Into the Woods	21.29.02.372	12.80.02.372	60.10%	8.49.00.000	39.90%	2014
790	Bedtime Stories	21.28.74.864	11.01.01.975	51.70%	10.27.72.889	48.30%	2008
791	Miss Congeniality	21.27.42.720	10.68.07.667	50.20%	10.59.35.053	49.80%	2000
792	Entrapment	21.24.04.396	8.77.04.396	41.30%	12.47.00.000	58.70%	1999
793	Ace Ventura: When Nature Calls	21.23.85.533	10.83.85.533	51%	10.40.00.000	49%	1995
794	End of Days	21.19.89.043	6.68.89.043	31.60%	14.51.00.000	68.40%	1999
795	Bridget Jones's Baby	21.19.52.420	2.42.52.420	11.40%	18.77.00.000	88.60%	2016
796	Fury	21.18.22.697	8.58.17.906	40.50%	12.60.04.791	59.50%	2014
797	Battle Los Angeles	21.18.19.354	8.35.52.429	39.40%	12.82.66.925	60.60%	2011
798	Australia	21.17.87.511	4.95.54.002	23.40%	16.22.33.509	76.60%	2008
799	Due Date	21.17.80.824	10.05.39.043	47.50%	11.12.41.781	52.50%	2010
800	Master and Commander: The Far Side of the World	21.16.22.535	9.39.27.920	44.40%	11.76.94.615	55.60%	2003
801	A Series of Unfortunate Events	21.14.68.235	11.86.34.549	56.10%	9.28.33.686	43.90%	2004
802	The Little Mermaid	21.13.43.479	11.15.43.479	52.80%	9.98.00.000	47.20%	1989
803	District 9	21.08.88.950	11.56.46.235	54.80%	9.52.42.715	45.20%	2009
804	Moonraker	21.03.08.099	7.03.08.099	33.40%	14.00.00.000	66.60%	1979
805	The Others	20.99.47.037	9.65.22.687	46%	11.34.24.350	54%	2001
806	Horrible Bosses	20.98.38.559	11.75.38.559	56%	9.23.00.000	44%	2011
807	Us and Them	20.92.21.380	-	-	20.92.21.380	100%	2018
808	Red Dragon	20.91.96.298	9.31.49.898	44.50%	11.60.46.400	55.50%	2002
809	Tomorrowland	20.90.35.668	9.34.36.322	44.70%	11.55.99.346	55.30%	2015
810	Me Before You	20.83.14.186	5.62.45.075	27%	15.20.69.111	73%	2016
811	Safe House	20.80.76.205	12.63.73.434	60.70%	8.17.02.771	39.30%	2012
812	S.W.A.T.	20.77.25.639	11.69.34.650	56.30%	9.07.90.989	43.70%	2003
813	Traffic	20.75.15.725	12.41.15.725	59.80%	8.34.00.000	40.20%	2000
814	The Fast and the Furious	20.73.05.509	14.45.33.925	69.70%	6.27.71.584	30.30%	2001
815	Paranormal Activity 3	20.70.39.844	10.40.28.807	50.20%	10.30.11.037	49.80%	2011
816	Philadelphia	20.66.78.440	7.74.46.440	37.50%	12.92.32.000	62.50%	1993
817	Sleepy Hollow	20.60.71.502	10.10.71.502	49%	10.50.00.000	51%	1999
818	The Holiday	20.58.50.134	6.32.24.849	30.70%	14.26.25.285	69.30%	2006
819	Raging Fire	20.58.46.481	3.85.305	0.20%	20.54.61.176	99.80%	2021
820	The Jungle Book	20.58.43.612	14.18.43.612	68.90%	6.40.00.000	31.10%	1967
821	London Has Fallen	20.57.54.447	6.25.24.260	30.40%	14.32.30.187	69.60%	2016
822	The Break-Up	20.56.68.210	11.87.03.275	57.70%	8.69.64.935	42.30%	2006
823	Journey to the West	20.56.37.183	18.058	<0.1%	20.56.19.125	100%	2013
824	JFK	20.54.05.498	7.04.05.498	34.30%	13.50.00.000	65.70%	1991
825	White House Down	20.53.66.737	7.31.03.784	35.60%	13.22.62.953	64.40%	2013
826	A Dog's Purpose	20.50.35.819	6.45.08.620	31.50%	14.05.27.199	68.50%	2017
827	Ponyo	20.48.26.668	1.57.43.471	7.70%	18.90.83.197	92.30%	2008
828	Fun with Dick and Jane	20.46.81.899	11.03.32.737	53.90%	9.43.49.162	46.10%	2005
829	Eat Pray Love	20.45.94.016	8.05.74.010	39.40%	12.40.20.006	60.60%	2010
830	You Don't Mess with the Zohan	20.43.13.400	10.00.18.837	49%	10.42.94.563	51%	2008
831	The Addams Family	20.37.83.845	10.07.23.831	49.40%	10.30.60.014	50.60%	2019
832	King Arthur	20.35.67.857	5.18.82.244	25.50%	15.16.85.613	74.50%	2004
833	Hairspray	20.35.53.311	11.88.71.849	58.40%	8.46.81.462	41.60%	2007
834	Yogi Bear	20.35.09.374	10.02.46.011	49.30%	10.32.63.363	50.70%	2010
835	Everest	20.34.27.584	4.34.82.270	21.40%	15.99.45.314	78.60%	2015
836	Vanilla Sky	20.33.88.341	10.06.18.344	49.50%	10.27.69.997	50.50%	2001
837	Arrival	20.33.88.186	10.05.46.139	49.40%	10.28.42.047	50.60%	2016
838	Need for Speed	20.32.77.636	4.35.77.636	21.40%	15.97.00.000	78.60%	2014
839	Garfield	20.31.72.417	7.53.69.589	37.10%	12.78.02.828	62.90%	2004
840	Patch Adams	20.22.92.902	13.50.26.902	66.80%	6.72.66.000	33.20%	1998
841	The Conjuring: The Devil Made Me Do It	20.20.31.050	6.56.31.050	32.50%	13.64.00.000	67.50%	2021
842	Teenage Mutant Ninja Turtles	20.19.65.915	13.52.65.915	67%	6.67.00.000	33%	1990
843	Kindergarten Cop	20.19.57.688	9.14.57.688	45.30%	11.05.00.000	54.70%	1990
844	Birds of Prey	20.18.58.461	8.41.58.461	41.70%	11.77.00.000	58.30%	2020
845	Straight Outta Compton	20.16.34.991	16.11.97.785	80%	4.04.37.206	20%	2015
846	21 Jump Street	20.15.85.328	13.84.47.667	68.70%	6.31.37.661	31.30%	2012
847	Valkyrie	20.15.45.517	8.30.77.833	41.20%	11.84.67.684	58.80%	2008
848	Open Season	20.08.11.689	8.51.05.259	42.40%	11.57.06.430	57.60%	2006
849	Cats & Dogs	20.06.87.492	9.33.85.515	46.50%	10.73.01.977	53.50%	2001
850	The Hunt for Red October	20.05.12.643	12.20.12.643	60.80%	7.85.00.000	39.20%	1990
851	Percy Jackson: Sea of Monsters	19.98.50.315	6.85.59.554	34.30%	13.12.90.761	65.70%	2013
852	Two Weeks Notice	19.90.43.471	9.33.54.851	46.90%	10.56.88.620	53.10%	2002
853	RED	19.90.06.387	9.03.80.162	45.40%	10.86.26.225	54.60%	2010
854	Shock Wave 2	19.89.21.659	-	-	19.89.21.659	100%	2020
855	City of Angels	19.86.85.114	7.86.85.114	39.60%	12.00.00.000	60.40%	1998
856	The Pacifier	19.86.36.868	11.30.86.868	56.90%	8.55.50.000	43.10%	2005
857	50 First Dates	19.85.20.934	12.09.08.074	60.90%	7.76.12.860	39.10%	2004
858	Total Recall	19.84.67.168	5.88.77.969	29.70%	13.95.89.199	70.30%	2012
859	The Island	19.83.26.350	6.70.883	0.30%	19.76.55.467	99.70%	2018
860	The Impossible	19.80.87.212	1.90.19.882	9.60%	17.90.67.330	90.40%	2012
861	Lost in Thailand	19.77.57.387	57.387	<0.1%	19.77.00.000	100%	2012
862	Christopher Robin	19.77.44.377	9.92.15.042	50.20%	9.85.29.335	49.80%	2018
863	Jack the Giant Slayer	19.76.87.603	6.51.87.603	33%	13.25.00.000	67%	2013
864	Smurfs: The Lost Village	19.71.83.546	4.50.20.282	22.80%	15.21.63.264	77.20%	2017
865	Chinese Doctors	19.71.43.218	-	-	19.71.43.218	100%	2021
866	Ghostbusters: Afterlife	19.71.26.645	12.91.26.645	65.50%	6.80.00.000	34.50%	2021
867	Spy Kids 3: Game Over	19.71.01.678	11.17.61.982	56.70%	8.53.39.696	43.30%	2003
868	Panic Room	19.70.79.546	9.63.97.334	48.90%	10.06.82.212	51.10%	2002
869	The Other Woman	19.67.10.396	8.39.11.193	42.70%	11.27.99.203	57.30%	2014
870	Stargate	19.65.67.262	7.15.67.262	36.40%	12.50.00.000	63.60%	1994
871	Beowulf	19.63.93.745	8.22.80.579	41.90%	11.41.13.166	58.10%	2007
872	The Vow	19.61.14.570	12.50.14.030	63.80%	7.11.00.540	36.20%	2012
873	Anger Management	19.57.45.823	13.56.45.823	69.30%	6.01.00.000	30.70%	2003
874	Tropic Thunder	19.57.02.963	11.05.15.313	56.50%	8.51.87.650	43.50%	2008
875	The Shape of Water	19.53.33.312	6.38.59.435	32.70%	13.14.73.877	67.30%	2017
876	Rocketman	19.53.20.400	9.63.68.160	49.30%	9.89.52.240	50.70%	2019
877	The Pelican Brief	19.52.68.056	10.07.68.056	51.60%	9.45.00.000	48.40%	1993
878	The BFG	19.52.43.411	5.54.83.770	28.40%	13.97.59.641	71.60%	2016
879	The Intern	19.45.64.672	7.57.64.672	38.90%	11.88.00.000	61.10%	2015
880	Wallace & Gromit: The Curse of the Were-Rabbit	19.41.37.091	5.61.10.897	28.90%	13.80.26.194	71.10%	2005
881	Gnomeo & Juliet	19.39.67.670	9.99.67.670	51.50%	9.40.00.000	48.50%	2011
882	Weathering with You	19.39.32.489	80.56.636	4.20%	18.58.75.853	95.80%	2019
883	The Sum of All Fears	19.39.21.372	11.89.07.036	61.30%	7.50.14.336	38.70%	2002
884	Gangs of New York	19.37.72.504	7.78.12.000	40.20%	11.59.60.504	59.80%	2002
885	The Monkey King 2	19.36.78.298	7.09.982	0.40%	19.29.68.316	99.60%	2016
886	Paranormal Activity	19.33.55.800	10.79.18.810	55.80%	8.54.36.990	44.20%	2009
887	The Equalizer	19.23.30.738	10.15.30.738	52.80%	9.08.00.000	47.20%	2014
888	The Lego Movie 2: The Second Part	19.23.06.508	10.58.06.508	55%	8.65.00.000	45%	2019
889	Sheep Without a Shepherd	19.16.02.146	-	-	19.16.02.146	100%	2019
890	The Addams Family	19.15.02.426	11.35.02.426	59.30%	7.80.00.000	40.70%	1991
891	The Longest Yard	19.14.66.556	15.81.19.460	82.60%	3.33.47.096	17.40%	2005
892	The Santa Clause	19.05.39.357	14.55.39.357	76.40%	4.50.00.000	23.60%	1994
893	Cheaper by the Dozen	19.05.38.630	13.86.14.544	72.80%	5.19.24.086	27.20%	2003
894	The Equalizer 2	19.04.00.157	10.20.84.362	53.60%	8.83.15.795	46.40%	2018
895	Hollow Man	19.02.13.455	7.32.09.340	38.50%	11.70.04.115	61.50%	2000
896	Outbreak	18.98.59.560	6.76.59.560	35.60%	12.22.00.000	64.40%	1995
897	The White Storm 2: Drug Lords	18.93.96.380	6.09.461	0.30%	18.87.86.919	99.70%	2019
898	The X Files	18.91.76.423	8.38.98.313	44.40%	10.52.78.110	55.60%	1998
899	Breakup Buddies	18.90.17.596	7.77.896	0.40%	18.82.39.700	99.60%	2014
900	Rambo III	18.90.15.611	5.37.15.611	28.40%	13.53.00.000	71.60%	1988
901	The Secret Life of Walter Mitty	18.81.33.322	5.82.36.838	31%	12.98.96.484	69%	2013
902	Project Gutenberg	18.81.16.796	-	-	18.81.16.796	100%	2018
903	Jaws 2	18.78.84.007	8.17.66.007	43.50%	10.61.18.000	56.50%	1978
904	12 Years a Slave	18.77.33.202	5.66.71.993	30.20%	13.10.61.209	69.80%	2013
905	Heat	18.74.36.818	6.74.36.818	36%	12.00.00.000	64%	1995
906	Mr. Popper's Penguins	18.73.61.754	6.82.24.452	36.40%	11.91.37.302	63.60%	2011
907	The Grudge	18.72.81.115	11.03.59.362	58.90%	7.69.21.753	41.10%	2004
908	I Now Pronounce You Chuck & Larry	18.71.34.117	12.00.59.556	64.20%	6.70.74.561	35.80%	2007
909	The Horse Whisperer	18.68.83.563	7.53.83.563	40.30%	11.15.00.000	59.70%	1998
910	Walk the Line	18.67.97.986	11.95.19.402	64%	6.72.78.584	36%	2005
911	Jian Bing Man	18.66.99.768	-	-	18.66.99.768	100%	2015
912	The Jungle Book 2	18.63.03.759	4.79.01.582	25.70%	13.84.02.177	74.30%	2003
913	The Final Destination	18.61.67.139	6.64.77.700	35.70%	11.96.89.439	64.30%	2009
914	Atlantis: The Lost Empire	18.60.53.725	8.40.56.472	45.20%	10.19.97.253	54.80%	2001
915	Inside Man	18.60.03.591	8.85.13.495	47.60%	9.74.90.096	52.40%	2006
916	The Waterboy	18.59.91.646	16.14.91.646	86.80%	2.45.00.000	13.20%	1998
917	Hugo	18.57.70.310	7.38.64.507	39.80%	11.19.05.803	60.20%	2011
918	Pitch Perfect 3	18.54.00.345	10.48.97.530	56.60%	8.05.02.815	43.40%	2017
919	Watchmen	18.53.82.813	10.75.09.799	58%	7.78.73.014	42%	2009
920	The Birdcage	18.52.60.553	12.40.60.553	67%	6.12.00.000	33%	1996
921	Moulin Rouge!	18.49.35.320	5.73.86.607	31%	12.75.48.713	69%	2001
922	Snow White and the Seven Dwarfs	18.49.25.486	18.49.25.486	100%	0	-	1937
923	Hop	18.39.54.145	10.80.85.305	58.80%	7.58.68.840	41.20%	2011
924	Bad Moms	18.39.36.074	11.32.57.297	61.60%	7.06.78.777	38.40%	2016
925	Jupiter Ascending	18.38.87.723	4.73.87.723	25.80%	13.65.00.000	74.20%	2015
926	Knowing	18.36.58.498	7.99.57.634	43.50%	10.37.00.864	56.50%	2007
927	102 Dalmatians	18.36.11.771	6.69.57.026	36.50%	11.66.54.745	63.50%	2000
928	Stand by Me Doraemon	18.34.42.714	-	-	18.34.42.714	100%	2014
929	Storks	18.33.88.953	7.26.79.278	39.60%	11.07.09.675	60.40%	2016
930	Paul Blart: Mall Cop	18.33.48.429	14.63.36.178	79.80%	3.70.12.251	20.20%	2009
931	Wayne's World	18.30.97.323	12.16.97.323	66.50%	6.14.00.000	33.50%	1992
932	Maverick	18.30.31.272	10.16.31.272	55.50%	8.14.00.000	44.50%	1994
933	Mirror Mirror	18.30.18.522	6.49.35.167	35.50%	11.80.83.355	64.50%	2012
934	The Man in the Iron Mask	18.29.68.902	5.69.68.902	31.10%	12.60.00.000	68.90%	1998
935	Cape Fear	18.22.91.969	7.90.91.969	43.40%	10.32.00.000	56.60%	1991
936	The Haunted Mansion	18.22.90.266	7.58.47.266	41.60%	10.64.43.000	58.40%	2003
937	The Monkey King Havoc in Heavens Palace	18.22.06.924	-	-	18.22.06.924	100%	2014
938	While You Were Sleeping	18.20.57.016	8.10.57.016	44.50%	10.10.00.000	55.50%	1995
939	The Bridges of Madison County	18.20.16.617	7.15.16.617	39.30%	11.05.00.000	60.70%	1995
940	From Vegas to Macau III	18.17.32.879	-	-	18.17.32.879	100%	2016
941	Poseidon	18.16.74.817	6.06.74.817	33.40%	12.10.00.000	66.60%	2006
942	The First Wives Club	18.14.89.203	10.54.89.203	58.10%	7.60.00.000	41.90%	1996
943	Cliff Walkers	18.13.25.565	1.52.972	<0.1%	18.11.72.593	99.90%	2021
944	Scooby-Doo 2: Monsters Unleashed	18.12.16.833	8.42.16.833	46.50%	9.70.00.000	53.50%	2004
945	Hot Shots!	18.10.96.164	6.94.67.617	38.40%	11.16.28.547	61.60%	1991
946	Road to Perdition	18.10.01.478	10.44.54.762	57.70%	7.65.46.716	42.30%	2002
947	Kill Bill: Vol. 1	18.09.06.076	7.00.99.045	38.80%	11.08.07.031	61.20%	2003
948	The Scorpion King	18.06.30.907	9.10.47.077	50.40%	8.95.83.830	49.60%	2002
949	Sweet Home Alabama	18.06.22.424	12.72.23.418	70.40%	5.33.99.006	29.60%	2002
950	Daddy's Home 2	18.06.13.824	10.40.29.443	57.60%	7.65.84.381	42.40%	2017
951	Hacksaw Ridge	18.05.63.636	6.72.09.615	37.20%	11.33.54.021	62.80%	2016
952	Deja Vu	18.05.57.550	6.40.38.616	35.50%	11.65.18.934	64.50%	2006
953	The Post	18.04.19.276	8.19.03.458	45.40%	9.85.15.818	54.60%	2017
954	Abominable	18.02.89.970	6.08.26.390	33.70%	11.94.63.580	66.30%	2019
955	Dangerous Minds	17.95.19.401	8.49.19.401	47.30%	9.46.00.000	52.70%	1995
956	The Dictator	17.93.79.533	5.96.50.222	33.20%	11.97.29.311	66.80%	2012
957	The League of Extraordinary Gentlemen	17.92.65.204	6.64.65.204	37.10%	11.28.00.000	62.90%	2003
958	Allegiant	17.92.46.868	6.61.84.051	36.90%	11.30.62.817	63.10%	2016
959	Daredevil	17.91.79.718	10.25.43.518	57.20%	7.66.36.200	42.80%	2003
960	City Slickers	17.90.33.791	12.40.33.791	69.30%	5.50.00.000	30.70%	1991
961	He's Just Not That Into You	17.88.66.158	9.39.53.653	52.50%	8.49.12.505	47.50%	2009
962	Eagle Eye	17.87.67.383	10.14.40.743	56.70%	7.73.26.640	43.30%	2008
963	Along Came Polly	17.83.11.729	8.80.97.164	49.40%	9.02.14.565	50.60%	2004
964	Flushed Away	17.82.81.554	6.46.65.672	36.30%	11.36.15.882	63.70%	2006
965	Scary Movie 4	17.82.62.620	9.07.10.620	50.90%	8.75.52.000	49.10%	2006
966	Dante's Peak	17.81.27.760	6.71.27.760	37.70%	11.10.00.000	62.30%	1997
967	Brokeback Mountain	17.80.62.759	8.30.43.761	46.60%	9.50.18.998	53.40%	2005
968	Patriot Games	17.80.51.587	8.33.51.587	46.80%	9.47.00.000	53.20%	1992
969	Flubber	17.79.77.226	9.29.77.226	52.20%	8.50.00.000	47.80%	1997
970	Baywatch	17.78.56.751	5.80.60.186	32.60%	11.97.96.565	67.40%	2017
971	Double Jeopardy	17.78.41.558	11.67.41.558	65.60%	6.11.00.000	34.40%	1999
972	War Horse	17.75.84.879	7.98.84.879	45%	9.77.00.000	55%	2011
973	Paranormal Activity 2	17.75.12.032	8.47.52.907	47.70%	9.27.59.125	52.30%	2010
974	How to Lose a Guy in 10 Days	17.75.02.387	10.58.13.373	59.60%	7.16.89.014	40.40%	2003
975	Alien vs. Predator	17.74.27.090	8.02.82.231	45.20%	9.71.44.859	54.80%	2004
976	Hero	17.73.95.557	5.37.10.019	30.30%	12.36.85.538	69.70%	2002
977	The 40-Year-Old Virgin	17.73.78.645	10.94.49.237	61.70%	6.79.29.408	38.30%	2005
978	Lee Daniels' The Butler	17.73.13.795	11.66.32.095	65.80%	6.06.81.700	34.20%	2013
979	The Haunting	17.73.11.151	9.14.11.151	51.60%	8.59.00.000	48.40%	1999
980	The Descendants	17.72.43.185	8.25.84.160	46.60%	9.46.59.025	53.40%	2011
981	The A-Team	17.72.38.796	7.72.22.099	43.60%	10.00.16.697	56.40%	2010
982	Tootsie	17.72.00.000	17.72.00.000	100%	0	-	1982
983	In the Line of Fire	17.69.97.168	10.23.14.823	57.80%	7.46.82.345	42.20%	1993
984	Analyze This	17.68.85.658	10.68.85.658	60.40%	7.00.00.000	39.60%	1999
985	The Hitman's Bodyguard	17.66.00.207	7.54.68.583	42.70%	10.11.31.624	57.30%	2017
986	Looper	17.65.06.819	6.64.86.205	37.70%	11.00.20.614	62.30%	2012
987	Serial (Bad) Weddings	17.64.04.493	-	-	17.64.04.493	100%	2014
988	Ip Man 4: The Finale	17.63.45.966	39.56.031	2.20%	17.23.89.935	97.80%	2019
989	Dr. Dolittle 2	17.61.04.344	11.29.52.899	64.10%	6.31.51.445	35.90%	2001
990	The Italian Job	17.60.70.171	10.61.28.601	60.30%	6.99.41.570	39.70%	2003
991	The Bucket List	17.53.72.502	9.34.66.502	53.30%	8.19.06.000	46.70%	2007
992	Sleeping with the Enemy	17.49.99.005	10.15.99.005	58.10%	7.34.00.000	41.90%	1991
993	Cowboys & Aliens	17.48.22.325	10.02.40.551	57.30%	7.45.81.774	42.70%	2011
994	The Mule	17.48.04.407	10.38.04.407	59.40%	7.10.00.000	40.60%	2018
995	George of the Jungle	17.44.63.257	10.52.63.257	60.30%	6.92.00.000	39.70%	1997
996	Evan Almighty	17.44.40.724	10.04.62.298	57.60%	7.39.78.426	42.40%	2007
997	Amélie	17.41.18.254	3.32.25.499	19.10%	14.08.92.755	80.90%	2001
998	Identity Thief	17.39.65.010	13.45.06.920	77.30%	3.94.58.090	22.70%	2013
999	The Nutcracker and the Four Realms	17.39.61.069	5.48.58.851	31.50%	11.91.02.218	68.50%	2018
1000	Big Momma's House	17.39.59.438	11.75.59.438	67.60%	5.64.00.000	32.40%	2000
